x,y,x_pred,y_pred,t,l1_error
88.364456,57.784378,88.36445463021141,57.78438037254601,36.786658450411224,3.7423346057607887e-06
74.283936,54.40678,74.28393436794742,54.40678282680107,22.903769487813133,4.4588536454170935e-06
60.256474,46.311462,60.25647245564641,46.3114646749018,6.707972043786266,4.219255387738485e-06
82.13437,57.717567,82.13436979871081,57.7175673486435,31.357838762365184,5.499326931612813e-07
101.03639,67.84934,101.03638384107023,67.84935066759095,52.79335508486359,1.6826520720769622e-05
69.284134,48.406086,69.28413447391117,48.40608517916088,15.573468215977986,1.2947502909810282e-06
77.81013,57.588833,77.81012888857455,57.588834925047465,27.548569101537673,3.0364729113330213e-06
91.29688,63.03135,91.29688448422982,63.03134223307766,41.949696675053445,1.225115216385575e-05
107.66841,65.91405,107.66841086796343,65.9140484966416,57.56921024161688,2.37132184111033e-06
76.40689,56.871525,76.40689061963118,56.87152392676614,25.97467357594236,1.6928650410363844e-06
72.313515,51.168285,72.31351443193806,51.16828598391321,19.578088205194337,1.5519751457304665e-06
100.56871,68.07376,100.56871223498564,68.07375612888708,52.5005421217331,6.106098553004813e-06
85.40742,57.31956,85.40742000309426,57.31955999464059,33.99338064619118,8.453667987851077e-09
65.73637,47.454475,65.73637037207409,47.45447435554807,12.025208516656335,1.0165260277972266e-06
78.559,57.776672,78.55900040133456,57.776671304867385,28.2910291457108,1.0964671730562259e-06
102.01643,67.376236,102.01642730637172,67.37624066550612,53.40554304664672,7.359134386319965e-06
92.44081,67.234024,92.4408086428404,67.23402635067197,45.04170466597098,3.7078315671124074e-06
102.319664,67.23141,102.31966967146577,67.23140017672242,53.59573852481805,1.5494743351496254e-05
73.051186,52.32614,73.05118481931875,52.32614204500216,20.795857231361794,3.225683407492852e-06
70.23932,48.974834,70.23931795244819,48.97483754646765,16.685057550250974,5.59401946276239e-06
88.56056,57.891556,88.5605593142217,57.891557187804125,37.010078498667184,1.8735824127702472e-06
91.96877,65.819046,91.96877167767623,65.81904309417638,43.925417501778256,4.583499844557082e-06
86.83264,57.347816,86.83264027726756,57.34781551975797,35.241785697265954,7.575095892775607e-07
92.62934,67.65634,92.62934019734296,67.65633965819161,45.416134307096975,5.39151344014499e-07
104.750336,66.19454,104.750335393553,66.19454105039817,55.18232822345394,1.6568451712828391e-06
73.5264,53.136063,73.52640003236903,53.13606294393514,21.61236590848247,8.84338930973172e-08
93.27278,68.66579,93.27277945993404,68.66579093542269,46.478094431899,1.475488645041878e-06
71.30269,49.905098,71.3026895198831,49.90509883158778,18.07109485445397,1.311704671991265e-06
64.975815,47.35335,64.9758145241803,47.35335082414479,11.31598592740248,1.299964495160566e-06
89.05592,58.24083,89.05592058088894,58.240828993869755,37.613709816796906,1.5870191845124282e-06
100.71979,68.00157,100.71979049995045,68.0015691340595,52.59528630495887,1.365890952342852e-06
106.31808,65.80417,106.31808316748786,65.8041645137441,56.344849884116286,8.653743762465638e-06
108.06331,66.10597,108.06330780216301,66.10597380676948,58.00716368833095,6.004606476039953e-06
67.84049,47.865753,67.84048982442643,47.86575330410268,14.053069218018367,4.796762596015469e-07
82.02788,57.731422,82.02788094984761,57.73142035481388,31.27254318629349,2.5950337416702496e-06
98.86425,68.84363,98.86425128786078,68.84362776935725,51.409370744407944,3.5185035329732273e-06
72.67582,51.715893,72.67581854339952,51.71589552290879,20.165657400649845,3.979509273221993e-06
97.88674,69.218376,97.88674077767524,69.2183746530255,50.75019486773529,2.124649739698725e-06
88.70565,57.981354,88.7056493382131,57.9813551462498,37.1806291220351,1.808036692807491e-06
70.66043,49.300117,70.66043043911856,49.30011623942352,17.212390974426434,1.199695034870274e-06
95.17704,69.66583,95.1770381692143,69.66583317101734,48.62725200797079,5.001803046411624e-06
90.98131,61.803932,90.98130520308453,61.80394030851037,41.06269646601432,1.3105425828996431e-05
74.11193,54.128273,74.11192969296312,54.12827353180406,22.61555449552575,8.388409469262115e-07
67.423485,47.758686,67.42348369072701,47.75868826772981,13.638398739816209,3.5770028006254506e-06
75.07062,55.54406,75.07061722996824,55.54406479784099,24.15369753709158,7.5678727569084e-06
93.32456,68.72479,93.32456206196349,68.7247864285706,46.55243721539929,5.633392888171329e-06
92.49515,67.36309,92.4951504532892,67.36308921487924,45.15329744644349,1.2384099647988478e-06
109.09305,67.57011,109.09304668541,67.57011574104457,59.6310143318358,9.055634578203353e-06
74.6767,55.005707,74.67669912463472,55.00570851617877,23.543376437241093,2.391544043689464e-06
84.74091,57.372154,84.74090800025442,57.37215746366472,33.44246287535958,5.463410296613347e-06
83.09207,57.584,83.09207040844912,57.583999292544625,32.12044807243578,1.1159044888131575e-06
78.128586,57.682087,78.12858604942286,57.68208691439701,27.870987124595175,1.3502585716196336e-07
65.000305,47.356487,65.00030434638614,47.35648813209364,11.338763394042543,1.7857074894322977e-06
92.592575,67.57944,92.59257433249026,67.57944115616205,45.34584490590467,1.8236717806985325e-06
94.47159,69.50913,94.47158908840007,69.50913157893912,47.93796428434636,2.490539060318042e-06
84.89339,57.357613,84.89339111602898,57.357611066979004,33.56724397089535,3.0490499796087533e-06
92.58727,67.568146,92.58727212151334,67.56814232542709,45.33560364450521,5.7960862420713966e-06
89.3978,58.564568,89.39779887470038,58.56456994907825,38.071655530147595,3.074377865175393e-06
85.80336,57.30451,85.80336124055536,57.30450785129273,34.32874984424863,3.3892626305487283e-06
109.05394,67.45857,109.05394221345477,67.45856616617968,59.54137411468999,6.047275093123972e-06
72.61481,51.620525,72.61480824184716,51.62052804521337,20.06513721537167,4.803366216776794e-06
84.3335,57.416786,84.3335004246642,57.416785264459236,33.111951351108466,1.1602049596604047e-06
91.34593,63.23906,91.3459330496225,63.23905471789311,42.0960301477147,8.33172939707083e-06
91.305405,63.06719,91.3054055559636,63.067189037041715,41.97499952897115,1.5189218913747027e-06
62.731583,47.02679,62.73158180289166,47.02679207345473,9.20914360690859,3.2705630701457267e-06
84.717255,57.374527,84.71725390211205,57.37452890159977,33.4231635378746,2.999487712429527e-06
108.320114,66.29982,108.32011312528294,66.29982151505604,58.3264874574745,2.3897731011857104e-06
93.38754,68.792984,93.38754012621723,68.79298378138512,46.64107648230598,3.4483211663882685e-07
87.94448,57.602074,87.94448047344963,57.60207317996029,36.33179654081441,1.2934893405258663e-06
74.52983,54.788445,74.5298300596684,54.7884448966512,23.307552340383445,1.6301719796274483e-07
98.66312,68.92605,98.66312461576217,68.9260420052567,51.27639697371499,1.2610505464749622e-05
73.594505,53.253242,73.59450405331354,53.25324363971083,21.729936036752875,2.5863972865636242e-06
84.93126,57.354206,84.93125939246116,57.3542070522893,33.598336863275904,1.6598281362689704e-06
67.8154,47.858814,67.81539973702716,47.8588144554828,14.02787113754982,7.184556309880463e-07
73.32133,52.783768,73.32132828936373,52.78377096291216,21.258622674623204,4.673548424705132e-06
70.60834,49.25702,70.60833837798734,49.25702280941141,17.14573121647134,4.431424073914059e-06
84.30343,57.420364,84.30342889059824,57.42036592154232,33.087698958649916,3.0309440859355163e-06
89.181885,58.35109,89.18188646339725,58.351087465318834,37.777928691428244,3.998078419442663e-06
71.52109,50.144382,71.52108970431422,50.144382512143345,18.379876756330667,8.078291244828506e-07
102.03093,67.36928,102.03092809364574,67.36928330190604,53.41462242127257,5.208260290601174e-06
92.67618,67.75073,92.6761779450992,67.75073355919649,45.50389390945654,5.614097290163045e-06
96.70082,69.55569,96.70082118891982,69.5556879407282,49.891814602745626,3.248191617899465e-06
63.39724,47.13958,63.397239036382786,47.139581669035785,9.842014590205586,2.6326529933839993e-06
73.5922,53.24928,73.59219973755185,53.249280454574034,21.725958849273667,7.170221891783513e-07
87.72062,57.527298,87.72062020365797,57.52729764725366,36.10054007163805,5.564043163985843e-07
91.83847,65.328674,91.8384702714755,65.32867352979015,43.56738856151303,7.416853549102598e-07
100.10727,68.291534,100.10727101740054,68.29153223780867,52.20981016131529,2.7795918668971353e-06
72.33709,51.20249,72.33709010860659,51.20248981188768,19.615607245662936,2.967189018932004e-07
71.38096,49.98879,71.3809598733508,49.98879021936307,18.18072464705549,3.4601226417407815e-07
79.996185,57.89074,79.99618648527132,57.89073742743177,29.592702158459808,4.057839554150178e-06
66.2157,47.525764,66.21570019595558,47.52576366059462,12.475965057509125,5.353609608960141e-07
94.11699,69.35312,94.11699232102688,69.35311597985911,47.55286665623224,6.341167775758549e-06
106.67454,65.77663,106.67454421251094,65.77662270370905,56.639783395016735,1.1508801890158793e-05
65.80095,47.463623,65.80094915655997,47.46362446088259,12.085710448744555,2.3043226278218754e-06
104.915665,66.138336,104.9156658947856,66.1383344501842,55.29740539948364,2.4446013924261933e-06
68.09816,47.941082,68.098159005712,47.94108372215918,14.313882513856734,2.716447163209068e-06
76.40583,56.87075,76.40582899005413,56.87075174927945,25.973368089081035,2.759225310455804e-06
97.43371,69.365585,97.43370839431603,69.36558778112925,50.43146371182014,4.386813230894404e-06
91.13893,62.39004,91.13893114248853,62.390038021149664,41.49225318759571,3.1213388638207107e-06
64.61357,47.307106,64.61356985070911,47.30710625857967,10.979150488361949,4.0787055866076116e-07
75.18191,55.68387,75.18191082393673,55.68386857289814,24.319982473366167,2.2510385875307293e-06
79.86053,57.89057,79.8605274693437,57.890574383230074,29.475136450335693,6.913886380743861e-06
106.91785,65.777115,106.91784725310706,65.77711975776333,56.850738593285755,7.504656281298594e-06
80.97552,57.84513,80.97552123788151,57.845127855923984,30.418026397265805,3.3819575193660967e-06
75.69756,56.260036,75.6975611657512,56.26003398085751,25.054631358902906,3.1848936927758587e-06
104.00347,66.47797,104.0034700692183,66.47796988011025,54.677238001852714,1.8910805010818876e-07
85.33286,57.3239,85.33286190671075,57.32389669747652,33.93097977269744,5.209234231529081e-06
62.00487,46.874073,62.00486966127219,46.87407358669442,8.503433078471355,9.254222277377266e-07
60.975353,46.582985,60.975352157373756,46.582986459473055,7.466301078752585,2.302099296969118e-06
64.781975,47.3286,64.78197425518503,47.32860129005878,11.135740527471638,2.034873745060395e-06
68.08688,47.937626,68.08688058554326,47.93762498580821,14.302385746051534,1.5997350502061636e-06
67.83224,47.863464,67.83223985447012,47.86346425206541,14.044780007424897,3.97595293577524e-07
105.982315,65.85555,105.98231131598862,65.85555638090182,56.07975876408187,1.0064913197993519e-05
73.884186,53.748222,73.8841881296452,53.748218311342285,22.228297007661034,5.8183029096881e-06
86.084404,57.303146,86.0844027528567,57.30314816011792,34.57145915477374,3.4072612251634382e-06
74.4463,54.66118,74.44629725378408,54.661184756590686,23.171580770742587,7.502806596448863e-06
105.78893,65.89461,105.78893319098124,65.89460447305233,55.931812379710586,8.717928920987106e-06
107.52535,65.8685,107.52535184114278,65.86849681104368,57.42254163219495,5.030099089253781e-06
73.66033,53.366364,73.66033055178147,53.36636304428543,21.84350312822393,1.5074960373340218e-06
64.37273,47.276096,64.37272999687055,47.2760960054204,10.755071885912454,8.549854157990922e-09
73.5063,53.101463,73.50629767386836,53.10146702898257,21.577658807274474,6.355114201994638e-06
63.259483,47.117928,63.259483509541894,47.1179271174466,9.711887504975152,1.3920952923740515e-06
94.03549,69.30809,94.03548947719449,69.3080909055267,47.45977058499572,1.4283321974062346e-06
68.93807,48.247204,68.93806979414657,48.247204356549,15.194326983901902,5.624024197459221e-07
91.60011,64.34067,91.60011182230411,64.34066684367326,42.86696109418638,4.978630855134725e-06
78.77941,57.81267,78.77940896950162,57.81267178487749,28.499908842294445,2.815375871989545e-06
75.13112,55.620747,75.13111888026333,55.62074893944292,24.244435556936324,3.0591795834311597e-06
66.16168,47.517296,66.16168047242232,47.51729518173966,12.424948355901062,1.2906826540870497e-06
65.39946,47.408455,65.39945896080584,47.40845679993904,11.710425837113466,2.8391332023147697e-06
87.790306,57.549076,87.79030549186444,57.549076880117575,36.171778925476765,1.3882531320064118e-06
72.77513,51.87362,72.77513135449016,51.87361765395167,20.33052584242689,3.700538485418292e-06
91.200226,62.633213,91.20023199709938,62.63320261270784,41.66692349573535,1.6384391535950726e-05
102.7788,67.01567,102.77879596777814,67.01567698402077,53.88549216132915,1.1016242638106633e-05
76.0424,56.58198,76.04239716831908,56.581984904620576,25.51424350888196,7.736301490979258e-06
75.27876,55.80104,75.27876083216363,55.80103855864875,24.46244200866194,2.273514873252225e-06
87.3976,57.442387,87.39759960045347,57.44238769203563,35.77834100414622,1.0915821562207384e-06
102.9538,66.93498,102.95379874883903,66.93498216707671,53.996701681341214,3.418237682240033e-06
87.94472,57.60216,87.94471957829627,57.60216073041309,36.33204738693282,1.152116823277538e-06
74.40376,54.595406,74.40375996724467,54.59540605673397,23.10185306692733,8.948931196073318e-08
73.56321,53.199406,73.56320923786512,53.19940732005776,21.675915786375164,2.0821926298708604e-06
95.13926,69.66168,95.13925724215608,69.66168477673102,48.59245856098962,7.534574933742988e-06
103.97244,66.49064,103.97244332773988,66.49063423617916,54.65670022105996,9.091560713159197e-06
65.96929,47.48809,65.96928975342774,47.48809042707612,12.243730694971289,6.73648379745373e-07
81.25386,57.820103,81.25386106735984,57.820101151276525,30.646562484141626,2.9160833108221595e-06
86.36154,57.31073,86.3615386522886,57.31073233430717,34.81525803343684,3.6820185727037824e-06
92.42379,67.19231,92.4237894361456,67.19231097662552,45.006107926644724,1.540479914297066e-06
68.11478,47.946205,68.11477810451359,47.94620828308235,14.330837357897494,5.178568756036839e-06
71.20676,49.8056,71.206757965084,49.805603524581755,17.93826805551684,5.559497765261767e-06
108.45938,66.43607,108.4593810518241,66.43606817818524,58.515220328510125,2.873638862865846e-06
93.277695,68.67151,93.2776957207101,68.6715087516921,46.48521094557935,1.9690180010911718e-06
67.05038,47.676136,67.05037996170803,47.6761360663237,13.274005277179228,1.0461567256925264e-07
79.78789,57.88972,79.78788923770905,57.8897213203281,29.411803348194148,2.0826190549882995e-06
74.87908,55.29064,74.87907945061356,55.290640951566274,23.861109089688647,1.5009527132292533e-06
79.49469,57.880463,79.49468976556177,57.88046340605937,29.15325613433463,6.404976033991261e-07
89.37785,58.54345,89.37785241591124,58.5434458155144,38.04381932726968,6.600396837086464e-06
106.95904,65.77898,106.95904076247436,65.77897867935422,56.88734268863417,2.083120136830985e-06
80.78044,57.8599,80.78043969924148,57.85990052092961,30.256467109372515,8.216881184353042e-07
98.47919,68.99922,98.47919172618072,68.99921701016403,51.1536938478144,4.716016675843093e-06
84.019806,57.455715,84.0198057833928,57.45571537517508,32.859748788068494,5.917822889500712e-07
73.8353,53.665348,73.83529798635357,53.66535148774175,22.144523512130494,5.501388187667544e-06
80.66119,57.867683,80.66118919729922,57.86768439032005,30.157085048618722,2.1930208333742485e-06
76.77666,57.116966,76.77665823422771,57.11696905841068,26.417624276426245,4.824182980200931e-06
74.26545,54.377274,74.26545109143437,54.37727210957814,22.87300714990398,2.981856226824675e-06
69.432274,48.48101,69.43227347192598,48.481010914652025,15.739223223633298,1.4427260524030316e-06
63.283775,47.121803,63.283775337851466,47.121802414823456,9.734862498236552,9.230280113570188e-07
63.616543,47.172565,63.616542575525244,47.17256573521264,10.048429097638465,1.159687400331677e-06
72.93113,52.12703,72.93113032465916,52.12702943767321,20.592330738588444,8.869859584592632e-07
81.7729,57.7632,81.77289960031882,57.76320069226887,31.067612955605945,1.091950053933033e-06
71.50804,50.129574,71.50803889834572,50.129575908123265,18.36117112778712,3.0097775436388474e-06
93.61654,69.01099,93.61654103285059,69.01098821104837,46.94839926467212,2.8218022265491527e-06
90.27472,59.875393,90.27472063155867,59.875391906107126,39.48650269807412,1.7254515398690273e-06
84.668304,57.37953,84.66830433526614,57.379529419301385,33.383272214724286,9.159647547107852e-07
65.262024,47.390335,65.26202369101408,47.3903355351799,11.582342744668411,8.441658181368439e-07
101.74204,67.508316,101.74203854566082,67.5083185189921,53.23395421725021,3.97333128887567e-06
99.37213,68.62584,99.37213112201466,68.62583805661146,51.74031293555372,3.0654032059374003e-06
73.00548,52.24997,73.00548194413007,52.24996663266429,20.718189694623625,5.311465770319046e-06
92.74753,67.887184,92.7475274693328,67.88718838324898,45.633911783042734,6.913916180906199e-06
74.56288,54.83807,74.56287938899038,54.83807105830088,23.3609869674822,1.6693105067133729e-06
108.43132,66.40654,108.43131997736089,66.40654003921213,58.47615466113347,6.185123879731691e-08
76.15849,56.679646,76.1584900610201,56.679645894309964,25.66361338547094,1.667101372504476e-07
73.49158,53.07614,73.49158000281074,53.07613999513165,21.552249420214157,7.679091140744276e-09
108.5905,66.59001,108.5904993943978,66.59001104893497,58.70574354744483,1.6545371721576885e-06
93.21804,68.60042,93.2180394710567,68.60042091615767,46.3980032151105,1.4451009775484636e-06
90.96892,61.76042,90.96891990203363,61.76042016968292,41.030210426136875,2.6764927696376617e-07
88.533585,57.875877,88.53358310404859,57.87588028388776,36.97887796344306,5.179839170921241e-06
106.84482,65.77513,106.84481693549864,65.77513530787783,56.78650024160897,8.37237918460687e-06
75.996254,56.541702,75.9962537145494,56.541702494415475,25.454140906177663,7.798660703883797e-07
108.8618,67.01758,108.86180149044247,67.0175774184751,59.15448112864372,4.0719673677358514e-06
94.893555,69.6239,94.89355556292296,69.62389902498781,48.36078174657136,1.5379351481215053e-06
109.11921,67.65021,109.1192094845577,67.65021089277323,59.693719529806714,1.4082155246342154e-06
62.290203,46.9384,62.29020323923699,46.93839958562893,8.782702246090196,6.536080618957385e-07
108.11298,66.13849,108.1129799649203,66.13849006075985,58.066439168564614,9.583953897163155e-08
68.867386,48.21734,68.86738512486605,48.21734151577811,15.1181808397827,2.3909120585585697e-06
92.12111,66.33725,92.1211108512737,66.33724852554911,44.316449635762055,2.325724580032329e-06
68.91644,48.237976,68.91643939393242,48.23797704974096,15.170980853084245,1.6558085320639293e-06
96.1428,69.64946,96.14279898225959,69.64946176278005,49.45543993675084,2.7805204467767908e-06
81.79806,57.760162,81.79806040067942,57.76016130600214,31.087883161951186,1.094677273272282e-06
90.74434,61.036118,90.74434179478163,61.036114891343615,40.47356768424078,4.90343802539428e-06
71.67781,50.327328,71.67781036340472,50.327327370563886,18.60707321978201,9.928408388759635e-07
85.39762,57.320107,85.39762129752759,57.32010475261385,33.98516709469542,3.5449137385512586e-06
95.05159,69.650406,95.05159295825734,69.6504008761424,48.510897097743715,8.08211494529587e-06
89.69113,58.91278,89.69113010085057,58.91277982532148,38.49979268866339,2.755290893219353e-07
86.577896,57.323666,86.57789642716895,57.32366526012086,35.009095871511306,1.1670480972725272e-06
108.88264,67.05848,108.88263883421692,67.05848201919774,59.19297908624779,3.18498081242069e-06
90.68565,60.866447,90.68564888047368,60.866448939078595,40.33790520884703,3.0586049106773316e-06
97.15971,69.44433,97.15971098450134,69.4443282947918,50.23354515424422,2.689709532432971e-06
66.14101,47.514088,66.14101036058399,47.51408737544953,12.405443607234826,9.851344699995934e-07
108.9283,67.15332,108.92830233714898,67.15331595193477,59.27994177816804,6.38521420626148e-06
65.798256,47.46324,65.79825578135055,47.46324037871236,12.083185875827098,5.973618044663453e-07
78.87851,57.82636,78.87851097360107,57.82635831367166,28.59257697761706,2.6599294002949136e-06
60.722965,46.49486,60.72296319463624,46.49486312698517,7.203664135579912,4.9323489292874e-06
89.374695,58.540127,89.37469413041131,58.54012850617342,38.03942551773504,2.375762107931223e-06
64.84805,47.33703,64.84805134853285,47.33702766427004,11.1971781681854,3.684262807723826e-06
62.297134,46.939888,62.297134249947554,46.93988756707767,8.789448669192225,6.828698886351958e-07
72.50768,51.456062,72.50768147075442,51.456059452575836,19.890128455845755,4.018178593412358e-06
75.22398,55.73528,75.22398073831215,55.735278721204445,24.38212115100739,2.0171077110830993e-06
92.5421,67.46969,92.54209973173653,67.4696904646465,45.24725730662797,7.32909981593366e-07
91.76163,65.02105,91.76162609379315,65.02105676575611,43.34703127719416,1.0671962954234004e-05
69.87601,48.73332,69.8760094428209,48.733320965063555,16.2496648737948,1.5222426483774143e-06
90.026215,59.413406,90.02621629512134,59.41340375678159,39.04029768541998,3.5383397616328693e-06
91.29399,63.01921,91.29399333727501,63.019204219663806,41.941123865920694,9.117611213582677e-06
67.267746,47.722847,67.26774579048326,47.72284736289404,13.485605287331705,5.724107836613257e-07
66.251755,47.531487,66.2517553405433,47.53148641016107,12.51005110961773,9.303822210426915e-07
88.24255,57.725243,88.24255098410408,57.725241295479854,36.6515172529358,2.6886242352475165e-06
62.820454,47.043148,62.82045461417061,47.04314693622414,9.294287164868118,1.6779464715455106e-06
62.73942,47.02825,62.73941866315804,47.02825231548072,9.21666064925191,3.6523226825124766e-06
68.796814,48.188347,68.79681305152947,48.188348642800946,15.04256719017883,2.5912714747278187e-06
92.12008,66.33395,92.12008079268193,66.33394862703314,44.31390763070299,2.165648794516528e-06
64.82164,47.33366,64.82164049212663,47.333659147610746,11.17262143241188,1.3445158870695195e-06
59.841995,46.123955,59.84199398868176,46.12395675165649,6.255269179261221,2.7629747307855723e-06
77.25728,57.37197,77.25727926437233,57.37197127414587,26.961355415191164,2.009773538702575e-06
79.44801,57.878082,79.44801073870363,57.878080720526384,29.111639558433748,2.018177248430675e-06
76.39547,56.863194,76.39546916888708,56.863195439531374,25.960618066542075,2.270644301916036e-06
87.33865,57.429527,87.33865199183904,57.429523550029806,35.72085879792988,5.441809236117479e-06
62.4294,46.967644,62.429399773581316,46.96764439216909,8.917872405136109,6.185877765574332e-07
91.37279,63.354008,91.37278382891826,63.35401868863877,42.17676554937623,1.6859720503248354e-05
91.049194,62.049133,91.04919305826618,62.0491346311326,41.24408615024055,2.5728664212465446e-06
90.173035,59.67565,90.17303627872298,59.67564778518442,39.29856946259212,3.4935385571088773e-06
73.6677,53.379017,73.66770132393654,53.379014706872134,21.856212232013963,3.617064407990256e-06
77.249405,57.368324,77.24940502947004,57.368323948956345,26.952712464767888,8.05137005954748e-08
80.15135,57.888752,80.15134957990816,57.888752727621174,29.726085027703142,1.1477130144044168e-06
83.94881,57.46496,83.94881108403136,57.46495812240054,32.80288692794891,2.96163082680323e-06
108.97946,67.269,108.97946116017886,67.26899799050909,59.38208760258201,3.169669767544292e-06
90.77887,61.139618,90.77886997226608,61.139618048036624,40.55522150724481,7.577054361718183e-08
96.19858,69.64244,96.1985773607845,69.64244457126034,49.500236849821924,7.210475857277743e-06
108.233795,66.22717,108.23379124855774,66.22717649769571,58.21540801997903,1.0249137972095923e-05
107.11398,65.79105,107.11397763240976,65.79105410079104,57.027559696356946,6.468381286595104e-06
95.94585,69.66956,95.94584909223641,69.66956157229437,49.29492617873009,2.480057943898828e-06
69.41282,48.47092,69.41281956598982,48.4709207517285,15.717330564960935,1.1857386752467391e-06
103.511894,66.6853,103.51189014953326,66.68530666921131,54.35518549702094,1.0519678056652992e-05
90.42824,60.208614,90.42824212383056,60.20861032141355,39.78606531799535,5.802417000211335e-06
95.237015,69.67156,95.23701344057167,69.67156270101202,48.68205689338522,4.2604403489576725e-06
99.81618,68.426125,99.81618414816577,68.42611781515826,52.02501420270352,1.1333007506664217e-05
70.455025,49.13498,70.45502529241915,49.134979493514635,16.95193654540567,7.989045087697377e-07
101.509,67.62091,101.50899481425208,67.62091898198868,53.08843255603986,1.4167736608783343e-05
63.73288,47.189407,63.73288000236009,47.1894069959122,10.157600915628109,6.447891109928605e-09
92.998146,68.30362,92.99814591438306,68.30362014829308,46.05916949445921,2.339100291237628e-07
80.008644,57.890663,80.00864467402725,57.89066183254928,29.60345347194003,1.8414779745512533e-06
86.428856,57.31406,86.42885643695813,57.31405924316548,34.8752204140564,1.1937926487348705e-06
100.82977,67.948814,100.82976840805213,67.94881675733761,52.664153826429725,4.349285475768738e-06
96.847244,69.52318,96.84724277485148,69.52318212202182,50.00236655435726,3.3471703488885396e-06
74.652145,54.969982,74.65214509414555,54.96998183693494,23.50424869226719,2.5721060836758625e-07
61.066086,46.612896,61.066085119142755,46.61289752569117,7.559833670908837,2.406548411215681e-06
92.36841,67.052155,92.36841103514394,67.05215320707616,44.888069984043454,2.8280677781822305e-06
88.572655,57.898685,88.5726539935591,57.898686743208685,37.02411757586625,2.74964958180135e-06
77.57456,57.50553,77.57456093660159,57.505528377756704,27.30290797560562,2.558844876432431e-06
70.86509,49.477745,70.86508892165314,49.477746867753574,17.47844570923494,2.946100430278875e-06
73.710464,53.452335,73.71046313147367,53.45233650433335,21.92990592248611,2.37285968296419e-06
91.25897,62.87323,91.25897267599996,62.873225365027075,41.83780570773295,7.310972875984589e-06
102.26785,67.256035,102.26784362639276,67.25604603942361,53.56317876223244,1.74130308465692e-05
86.29464,57.30802,86.29463932059825,57.308021176759645,34.755965919229844,1.8561613970291546e-06
66.691666,47.606483,66.69166471609088,47.60648522379824,12.928523284250861,3.5077073547995496e-06
67.401405,47.75348,67.40140527037443,47.753479531697245,13.616673895815033,7.386771869732911e-07
89.673546,58.889763,89.67354552383998,58.889763824734246,38.47305600322667,1.3008942687520175e-06
75.80003,56.360825,75.80003212487728,56.3608213196006,25.193767464997432,5.80527666471653e-06
89.972694,59.32484,89.97269545532669,59.32483747929751,38.94966416337683,3.976029177010787e-06
107.98245,66.0575,107.98244993359964,66.05750011500892,57.912901874911434,1.8140927693366393e-07
60.397987,46.370056,60.3979862879221,46.37005723335645,6.859822906206423,1.945434348726849e-06
90.2498,59.824986,90.24980310434452,59.824980623111685,39.43971785974846,8.481232846691e-06
76.785515,57.122295,76.78551474672682,57.12229543868251,26.427957431288153,6.919556909679159e-07
103.911285,66.51577,103.91128017854513,66.51577835101392,54.61630341276455,1.3172468797506554e-05
74.90802,55.329956,74.90801825828798,55.329959016737,23.90582985562474,4.758449009045762e-06
92.933075,68.20419,92.93307478428471,68.20419037363025,45.95310138071889,5.893455465866282e-07
70.27634,49.001396,70.27634016018098,49.00139572255813,16.730398808576297,4.3762284462900425e-07
87.874054,57.57702,87.87405426148408,57.57701954709583,36.25827882934241,7.143882427840254e-07
92.40972,67.15736,92.40972268761729,67.1573553449052,44.97644796018909,7.3427120952374025e-06
98.88393,68.835434,98.88392703987138,68.8354391270988,51.422316132356315,8.087227413966502e-06
78.39067,57.743687,78.39066934070196,57.74368814193895,28.128758563225446,1.801236983567378e-06
102.309204,67.23637,102.30920156177288,67.23637422313784,53.589159894594395,6.661364963633787e-06
79.44081,57.87769,79.44081005067827,57.87768991222258,29.10520817398616,1.384556895800415e-07
85.28304,57.327034,85.28303919208273,57.327035399355296,33.88940137403062,2.207272572718466e-06
60.90506,46.55918,60.90505908911792,46.55918157769577,7.393523048179699,2.4885778486805066e-06
70.797195,49.41732,70.79719486649496,49.417320231237774,17.389434423129142,3.6474281728260394e-07
73.06592,52.350796,73.06592074138851,52.35079471587604,20.820945243053973,2.0255124653090206e-06
67.66361,47.81824,67.66360882072922,47.81824204255914,13.8761301222549,3.2218299210740042e-06
77.43954,57.45182,77.439539979821,57.451820034951076,27.159122215667754,5.513006584578761e-08
94.51079,69.52278,94.5107888331481,69.52278202104897,47.978737483849564,3.1879008730584246e-06
106.62866,65.7784,106.62866125235092,65.77839783086222,56.60093513792957,3.4214887136840844e-06
88.09761,57.66174,88.09760974274681,57.66174044557608,36.49424402265581,7.028292685617998e-07
89.39226,58.558678,89.3922614673255,58.55867545851491,38.06391275051178,4.008810591926704e-06
61.616455,46.775974,61.61645489677072,46.77597417879855,8.118006269647605,2.8202783397546227e-07
106.319016,65.804054,106.31901615969451,65.8040537234007,56.34560248416278,4.362938028634744e-07
62.7649,47.032974,62.76489901862758,47.03297569978874,9.241088980626273,2.6811611562038706e-06
64.595535,47.3048,64.59553573885424,47.30479872026553,10.962378716888079,2.0185887095180988e-06
104.239914,66.38359,104.23991690908368,66.38358496131377,54.83481460688971,7.947769901761603e-06
99.524216,68.55829,99.52421273729024,68.55829565118525,51.838248338674944,8.913895001683159e-06
90.66366,60.804863,90.66365795699326,60.80486653859534,40.28806933021942,5.581602074755665e-06
72.28844,51.132133,72.28843878749257,51.13213510012675,19.538296627062333,3.3126341776323898e-06
94.44414,69.499176,94.44414031048063,69.49917546223121,47.90921488460096,8.482494280315223e-07
68.64038,48.1269,68.64038003357452,48.12689994184716,14.876367860351538,9.172736525897562e-08
92.69243,67.78257,92.69242735109752,67.78257458803868,45.533886813079754,7.236941158339505e-06
94.68503,69.57575,94.68502951549982,69.57575083917983,48.15611876969081,1.3236800100457913e-06
70.26659,48.994358,70.26658719799757,48.994362853215875,16.718436061465788,7.655218304591926e-06
104.274055,66.370285,104.2740548517128,66.37028525684123,54.8577290937083,4.051284321349158e-07
79.4138,57.876167,79.41379944280462,57.876167965091774,29.08105532207297,1.522287149668955e-06
81.50524,57.79402,81.5052379778731,57.79402350243038,30.85122252019519,5.524557280978115e-06
93.096344,68.44329,93.09634645743546,68.44328574359228,46.21404642311225,6.713843177408307e-06
77.229965,57.35925,77.22996610034372,57.35924809414672,26.931339930038828,3.00619699089566e-06
65.51477,47.42392,65.51477037826297,47.4239193448286,11.818019747334201,1.0334343727436135e-06
69.378174,48.45314,69.37817352271085,48.45314082668996,15.67843624791198,1.303979111355602e-06
87.4516,57.454853,87.4516006526182,57.45485186963091,35.83133938360579,1.782987290255278e-06
81.048904,57.83896,81.04890491492999,57.83895841529302,30.478493825355603,2.499636977404407e-06
88.20528,57.70822,88.20527678729385,57.70822556457637,36.610728984297786,8.777282516803098e-06
83.776,57.488,83.77600052414417,57.48799909215467,32.66474902767482,1.4319894958703117e-06
83.94396,57.46559,83.94395703709738,57.465595131903484,32.79900170333718,8.094806112524111e-06
65.93984,47.48374,65.93983899741146,47.48374173653619,12.216051241653126,2.739124738582177e-06
70.21596,48.95827,70.21595835130987,48.95827285561818,16.6565451980775,4.504308314778882e-06
82.9376,57.606106,82.93760083492016,57.606104553874296,31.997726082781337,2.2810458588651272e-06
89.321144,58.485,89.32114308350597,58.485001587415965,37.965485501241766,2.503909996676157e-06
62.5077,46.98352,62.50769888109187,46.983521938007854,8.993620206252439,3.0569159861215667e-06
73.66999,53.382942,73.66998988167573,53.382942204943866,21.86015792912372,3.232681322629105e-07
64.68513,47.31625,64.6851305802938,47.31624899490055,11.045695279418979,1.5853932495701883e-06
87.32826,57.427334,87.32825984836217,57.42733426264472,35.71076429242755,4.1428255315167917e-07
65.08573,47.367462,65.08572905921397,47.36746362949098,11.418231129848998,2.5702769974600415e-06
91.49481,63.88324,91.4948068830385,63.883245398741565,42.547053781443466,8.51570305826499e-06
75.22975,55.742268,75.22975022481603,55.74226761060678,24.390612116091162,6.142092559002776e-07
71.975784,50.701736,71.97578506385312,50.70173415735033,19.052330190652377,2.906502786004239e-06
76.896385,57.1869,76.89638500271526,57.18689999529702,26.55627616756262,7.4182509024467436e-09
102.75618,67.02618,102.75618414958768,67.02617281269548,53.87115765705247,1.1336892200120019e-05
74.49072,54.72918,74.49071897371545,54.72918177757894,23.24404960185032,2.8038634880545033e-06
85.680405,57.30765,85.68040360059969,57.307652423835066,34.22383766039824,3.8232353674061414e-06
108.2257,66.22078,108.22569893403616,66.22078184630554,58.205202545037615,2.9122693803174116e-06
75.2616,55.78057,75.26159591935111,55.78057706789891,24.43734601705451,1.1148547805817088e-05
96.17354,69.64566,96.17353734541088,69.64566459788826,49.480161566479026,7.2524773742088655e-06
75.10692,55.590275,75.10692074219605,55.590273714477334,24.20824174891546,2.0277187147144105e-06
86.42436,57.31382,86.42436117742135,57.31381796064417,34.871206762877165,3.2167771806257406e-06
82.18588,57.71076,82.18588009025952,57.710759843665755,31.399044245866328,2.465937640749871e-07
85.36704,57.321854,85.36703985274764,57.32185425504887,33.959557529909596,4.0230123232731785e-07
92.37315,67.064415,92.37314967095395,67.06441556992506,44.89830494056109,8.989711091089703e-07
97.39812,69.37628,97.3981173971813,69.37628450821917,50.40598935491703,7.111037888307692e-06
86.3952,57.31232,86.3952002429809,57.31231957914428,34.84520345582859,6.638366230049542e-07
88.03941,57.6382,88.03941061854773,57.63819892864273,36.43207134003897,1.6899049981589087e-06
81.61376,57.781876,81.61376054432941,57.781875057192764,30.939131627616042,1.487136643163467e-06
109.1712,67.82467,109.17120644145719,67.82465884305671,59.825974131453165,1.759840047554917e-05
94.671165,69.571976,94.67116352045224,69.5719785626547,48.142224325736336,4.042202462528621e-06
105.836685,65.88438,105.83668824905344,65.88437437246823,55.96805443833401,8.87658519843626e-06
60.13468,46.258873,60.13467922959714,46.25887433437836,6.57620083850437,2.10478122397717e-06
106.91206,65.7769,106.91205887679858,65.77690194544404,56.84561680491814,3.068645455073238e-06
78.7502,57.80835,78.75020056515612,57.80834902111981,28.47245223511761,1.5440363014818104e-06
90.17346,59.676453,90.1734613779345,59.676450613344855,39.29933902316059,3.7645896426852232e-06
75.03909,55.503464,75.03909097015193,55.503462319645735,24.106093765271574,2.650506196744118e-06
63.017246,47.07784,63.01724699183121,47.07783828209609,9.48206006842066,2.7097351207316933e-06
87.971695,57.612152,87.97169680177244,57.61214887923518,36.360404424483676,4.922537264917537e-06
83.36291,57.545387,83.36290947440378,57.545387910360354,32.335695972570065,1.4359565767563254e-06
76.465996,56.913887,76.46599676808701,56.91388566963285,26.04704187008838,2.0984541606594576e-06
98.47157,69.0022,98.47156911618103,69.00220153082104,51.14858473121843,2.4146400079416708e-06
63.293552,47.123356,63.29355248844493,47.12335515398763,9.744106130283413,1.3344573019935524e-06
91.36345,63.313972,91.36345085181767,63.31397052460688,42.148658886278625,2.327210793851009e-06
67.70365,47.828712,67.70364845824058,47.82871467040856,13.916041784595915,4.212167972639236e-06
108.97833,67.26634,108.97833434857338,67.26633246804177,59.3797789946971,1.1880531616270673e-05
76.536995,56.963158,76.53699509306325,56.96315783880955,26.133164304344174,2.542536989835753e-07
89.993866,59.35945,89.99386757281616,59.35944727579954,38.98530464406681,4.297016623411309e-06
90.68078,60.852715,90.68077840905363,60.85271775560293,40.32682166959843,4.346549296485591e-06
84.48042,57.39982,84.48042069414859,57.399818797698046,33.230704845077994,1.8964505485996597e-06
104.75719,66.192154,104.75718743962129,66.19215843471085,55.18707096416666,6.995089549377553e-06
75.93179,56.48401,75.93179196234496,56.48400660111515,25.36946745292454,5.361229803213519e-06
74.25791,54.3652,74.25790956951641,54.365200745620236,22.860440321518247,1.1761038152258152e-06
95.47139,69.68443,95.47138679842021,69.68443554530492,48.89146664749379,8.746884702759417e-06
66.915474,47.648926,66.91547510862571,47.648924079801866,13.14356823332237,3.0288238477282903e-06
64.950615,47.35013,64.95061712060328,47.35012632700336,11.292552082591984,5.7935999251412795e-06
99.93589,68.37108,99.93589060329066,68.37107895506877,52.10116365458805,1.6482218967439621e-06
69.47873,48.505417,69.47872835300332,48.50541985268505,15.791658800779294,4.499681729441818e-06
70.85028,49.464436,70.85027943422389,49.464436979954044,17.458965374951724,1.5457301500987342e-06
107.775665,65.95579,107.77566587807667,65.95578847912493,57.68296580455754,2.398951721716003e-06
93.13153,68.49046,93.1315301980932,68.49045965689213,46.26810338198245,5.412010750660556e-07
96.121155,69.65203,96.12115415736795,69.65203145948308,49.43797981072166,2.302115134966698e-06
87.57619,57.48619,87.57618895747837,57.4861918057024,35.954906005271965,2.8482240281846316e-06
90.154015,59.639984,90.15401280624354,59.639987799701764,39.26426466951145,5.993458223940706e-06
108.58771,66.58643,108.58770742764301,66.58643445545786,58.70153733737392,7.027814859839054e-06
92.21913,66.63875,92.21913020567192,66.63874964376542,44.55208734564155,5.61906489338071e-07
91.19661,62.61863,91.19661200305214,62.61862653060816,41.65650045298749,5.4724439735309716e-06
99.95255,68.36338,99.95254695431792,68.36338527528187,52.1117416449007,8.320963942765047e-06
60.347546,46.349476,60.34754529601965,46.34947721933107,6.805849715319296,1.923311415907847e-06
89.694115,58.916718,89.6941156552742,58.916716865030544,38.50434677358763,1.7902436653116638e-06
64.39439,47.278908,64.39439078411897,47.27890664186462,10.77523600012429,2.1422543454718834e-06
63.84976,47.205925,63.84975941288502,47.20592601691409,10.267080985672827,1.6040290731211826e-06
86.998276,57.36927,86.99827579024011,57.369270363315174,35.39595771139486,5.730750629595605e-07
61.12748,46.632626,61.12747968975667,46.632626537357794,7.622867440978606,8.476011217339874e-07
89.4724,58.646294,89.47239942669307,58.6462949929978,38.177124009454666,1.5663047250313866e-06
85.695496,57.30719,85.69549693317583,57.30718838369031,34.23667685351963,2.5494855151464435e-06
71.49108,50.110435,71.49108073691531,50.110433723623856,18.336913840763145,2.0132914571036054e-06
91.66434,64.61559,91.66433446085014,64.61559959409945,43.06004580856509,1.5133249306131802e-05
94.34387,69.45993,94.34387234578546,69.45992593697598,47.802755509735285,6.40880948310496e-06
97.142685,69.44894,97.14268669350881,69.44893706675347,50.22110606583719,4.626755327308274e-06
87.99004,57.61907,87.99004182124273,57.6190668455116,36.379750662019035,4.975731137335515e-06
62.495224,46.981018,62.49522344885528,46.981018954611706,8.981564671391494,1.505756429764915e-06
85.49915,57.314842,85.49915024705125,57.31484157209422,34.07046218007829,6.749570289343865e-07
80.33759,57.883514,80.33759095192364,57.88351235121809,29.884754645039045,2.6007055495824716e-06
92.62985,67.657394,92.62985148385235,67.65739142988953,45.417102979742154,4.0539628116675885e-06
70.42611,49.112743,70.4261099817143,49.112743031671776,16.915776923123016,4.995746394342859e-08
84.324425,57.417862,84.3244248830193,57.41786220261674,33.10463016798528,3.195974400682644e-07
83.71477,57.496323,83.71476862789645,57.496325376555674,32.61588377433267,3.7486592319169176e-06
59.839375,46.122692,59.83937436462773,46.12269310049825,6.252368692601163,1.7358705193259993e-06
100.65938,68.03047,100.65937520455049,68.03047830597129,52.55741968422282,1.3101420805128328e-05
83.208374,57.56737,83.20837231058849,57.567372926149794,32.21285532527372,4.615561316256844e-06
100.0634,68.31197,100.06339679383473,68.3119755532472,52.18203560812766,8.759412466474714e-06
64.75923,47.325703,64.75923093564856,47.3257013794074,11.114594275475175,2.5562411565260845e-06
88.327545,57.7659,88.32754653384245,57.76589734330406,36.745453585573244,4.190538390957954e-06
106.79958,65.77472,106.79958150977706,65.77471738498657,56.7471162418233,4.12479047895431e-06
91.09119,62.20636,91.09119098544778,62.206358293152505,41.35906919869142,2.692295275608103e-06
77.039,57.26452,77.03900185185911,57.264516792482425,26.71859438245393,5.059376682936545e-06
108.69649,66.736824,108.69648760368264,66.73682815054794,58.870940544961876,6.546865293444171e-06
60.147415,46.26447,60.147415385755544,46.26446933185108,6.590028172739815,1.0539044623669724e-06
70.53592,49.198494,70.53591915274691,49.19849546748701,17.05375066356762,2.3147401009282476e-06
109.16109,67.78894,109.1610854685307,67.78894784874363,59.799353626851044,1.2380212936591306e-05
67.29219,47.728336,67.29218977495906,47.72833638978277,13.50951891583005,6.148237190473083e-07
77.498215,57.47571,77.49821358635643,57.475712448505156,27.221881260320398,3.862148730604531e-06
69.952415,48.781338,69.95241453061854,48.781338812993425,16.339842543173063,1.2823748889445596e-06
109.23152,68.058586,109.23151791565267,68.05858961019943,59.99517070235551,5.694546757695207e-06
97.67729,69.28889,97.67729311862591,69.28888459837556,50.60406276858866,8.520250347032743e-06
61.88685,46.845615,61.88684925093253,46.84561629742434,8.386995744082068,2.0464918151219536e-06
88.07303,57.651665,88.07302972960326,57.651665468341406,36.467919616546695,7.38738144434592e-07
91.84337,65.347855,91.84337057583159,65.34785400262932,43.58122257930145,1.5732022689007863e-06
97.819046,69.24161,97.81905305174328,69.24159778600904,50.70318711855565,1.9265734238160803e-05
60.637165,46.46319,60.63716489295981,46.46319018539926,7.1135241486254195,2.9243945931511917e-07
90.533325,60.46108,90.5333261803408,60.46107795558757,40.00330451908275,3.2247532217866137e-06
102.37935,67.20309,102.37935528463268,67.20308084673772,53.63326814275344,1.4437894961361053e-05
90.95332,61.70615,90.95332185465821,61.706146787634246,40.989565448356466,5.067023963079009e-06
90.142395,59.618473,90.14239735571374,59.61846891977966,39.2434459603755,6.435934089665807e-06
72.07845,50.83886,72.07845095160178,50.83885835177558,19.20980352290657,2.5998261961035496e-06
63.339672,47.130627,63.33967242913645,47.13062625671306,9.787682729825242,1.1724233885956892e-06
106.090744,65.836555,106.09074387067956,65.8365552239898,56.164163565972444,3.533102415076428e-07
91.19957,62.630554,91.19957328191381,62.630548315552296,41.665025884003384,8.966361519924249e-06
75.1933,55.697865,75.19330026223932,55.697864545787674,24.33684399967993,7.164516517832453e-07
73.36992,52.867035,73.36991833893475,52.86703787705254,21.342336326403515,4.538117778452033e-06
59.97834,46.18834,59.97834086812072,46.18833849636917,6.405539918804601,2.3717515418297808e-06
104.58249,66.254265,104.58249183962045,66.25426181368047,55.066831759447844,5.0259399699825735e-06
93.471085,68.877754,93.47108564700031,68.87775287936137,46.755813559717424,1.767638934779825e-06
97.94429,69.19832,97.9442940362027,69.1983130090842,50.790006651522575,1.1027118503648126e-05
74.18652,54.250084,74.1865192896934,54.250085230288484,22.741056798176434,1.9405950908435443e-06
66.897644,47.645424,66.89764468453328,47.64542281435229,13.12637599759401,1.8701809878507447e-06
101.69692,67.5301,101.6969219761373,67.53009657722606,53.205771131461084,5.398911241627502e-06
107.99879,66.066864,107.9987876263282,66.06686811132464,57.93173473003786,6.484996447397862e-06
77.5509,57.49644,77.5508999744688,57.49644004422136,27.277872812682304,6.975255217867016e-08
93.02741,68.34651,93.02740960580847,68.3465106827605,46.10595785124043,1.0769520315534464e-06
103.23123,66.80925,103.23122662050386,66.8092558534654,54.174098226085334,9.23296153132469e-06
71.173195,49.771584,71.17319531942407,49.7715834467407,17.892191918827365,8.726833584660199e-07
86.28685,57.307743,86.28684990902497,57.307743157573555,34.749081079607606,2.4854858793332824e-07
91.41611,63.540955,91.4161079792857,63.54095849998368,42.3077552036151,5.520697989425116e-06
90.98685,61.823547,90.9868502279276,61.8235466052174,41.07730174003481,6.227101962963388e-07
109.02727,67.38749,109.02727069357604,67.38748879868977,59.482737239952314,1.8948862674506017e-06
98.192055,69.10881,98.1920565470905,69.10880732035773,50.9598225308375,4.226732784218257e-06
65.541695,47.427567,65.54169388998857,47.42756892259831,11.843160986199,3.0326097473221125e-06
70.486595,49.159534,70.48659392407465,49.15953586355939,16.99155396481454,2.939484730291042e-06
99.25664,68.67647,99.25664469842903,68.67646186207334,51.66561061367629,1.2836355679723965e-05
92.77989,67.94629,92.77988968386208,67.94629054756756,45.69148934857092,8.637054662585797e-07
72.92796,52.12182,72.92796106715713,52.121818151627615,20.58698043944123,2.915529513813908e-06
68.43725,48.052586,68.43725039444148,48.052585316806585,14.663295102503291,1.077634884438794e-06
108.792175,66.89052,108.7921776859838,66.89051534773454,59.030654145443144,7.338249261579222e-06
65.111694,47.37081,65.11169324415597,47.37081130916169,11.442390618196084,2.0650057166449187e-06
80.72796,57.86345,80.72796150953793,57.86344738540074,30.2127930823331,4.124137198857625e-06
86.27493,57.307335,86.27493130266632,57.30733274371329,34.73855405414578,3.5589530327229113e-06
108.9266,67.14965,108.92660128954056,67.14964776644777,59.27663453608156,3.5230927863949546e-06
90.42641,60.204388,90.42640900609092,60.204389721502885,39.782367492803154,2.715411966391912e-06
61.57305,46.764187,61.57304941979655,46.76418800494296,8.074522931566001,1.5851464141292126e-06
84.64991,57.38144,84.64990982663471,57.38144030027782,33.36829753832075,4.7364311939190884e-07
60.062675,46.226814,60.06267361635913,46.2268163965389,6.49781317541277,3.7801797745373733e-06
91.39406,63.445595,91.39405440576817,63.44560468950429,42.240979377267884,1.5283736118476554e-05
72.29997,51.148727,72.29996908389896,51.14872858673528,19.556578895902376,2.5028363239698592e-06
96.78804,69.53668,96.78803670994563,69.53668569854756,49.95784436684366,8.988601919668326e-06
72.736084,51.81124,72.7360810601971,51.811245091893554,20.26552103080918,8.031696467014626e-06
103.11453,66.861786,103.11453005383945,66.86178590674723,54.0993010124037,1.470922086355131e-07
105.00918,66.10778,105.00918068423853,66.10777881486281,55.36311379970927,1.8693757226628804e-06
77.25473,57.37079,77.25472895583054,57.37079180855652,26.958557050291947,2.8527259701149887e-06
76.58755,56.997185,76.58754823338342,56.99718805987301,26.19395971665267,4.826489586662319e-06
83.2125,57.56678,83.21249763755432,57.56678409188042,32.21613354730573,6.45432610468788e-06
74.66855,54.993874,74.6685486085776,54.99387641001691,23.530401833116365,3.8014393126672985e-06
98.0049,69.17688,98.00489861753923,69.17688239449494,50.83177647433452,3.7769557224009986e-06
87.03318,57.374413,87.03317900957796,57.37441471546316,35.428756968229116,2.705885201237379e-06
65.07935,47.366642,65.07934996427454,47.36664206187838,11.412295886601314,9.760384500623331e-08
69.02798,48.286415,69.0279790771428,48.286416598437285,15.291796833151523,2.521294483415204e-06
65.215256,47.38423,65.21525457390024,47.38423247007994,11.53878796003482,3.896179691764701e-06
108.0334,66.08742,108.03339998151026,66.08742003202521,57.971985869028046,5.051495577390597e-08
94.31137,69.4462,94.31137021156974,69.44619963355007,47.76774468205278,5.780196801197235e-07
107.57962,65.88449,107.57961831480736,65.88449291884248,57.47753583713554,4.604035126476447e-06
94.897156,69.624596,94.89715655951683,69.62459503088735,48.36424830461622,1.528629482550059e-06
100.7065,68.007935,100.70650139713797,68.00793258008342,52.5869593215992,3.817054547994303e-06
92.35725,67.023056,92.3572470554125,67.02306110018073,44.863855649806396,8.044768222248422e-06
94.18422,69.38751,94.18421775692715,69.38751388512037,47.62828454593917,6.128193206222932e-06
101.72847,67.51486,101.72846459133473,67.51486936809327,53.22547424663811,1.4776758547441204e-05
95.8431,69.676994,95.84310071351717,69.67699276415064,49.20965904117902,1.9493665206482547e-06
61.723045,46.80419,61.723044266846074,46.80419126986124,8.22442393107075,2.0030151688388287e-06
106.574036,65.78123,106.57403649783988,65.78122913771509,56.55504435221258,1.360124784355321e-06
108.751526,66.8225,108.75152617366037,66.8224996992111,58.96144109703202,4.744492798636202e-07
60.43008,46.382977,60.43007937832113,46.38297807678055,6.894076761784435,1.6984594211066906e-06
108.57575,66.57127,108.5757488370179,66.57127201434628,58.683599676921986,3.1773283808433916e-06
64.26614,47.26218,64.26613957919616,47.262180728854425,10.655804218638727,1.1496582530412525e-06
71.689354,50.34118,71.68935378201778,50.34118037755669,18.623996614102847,5.955389070777528e-07
101.43974,67.65442,101.43974430165093,67.65441254931393,53.04520660650377,1.1752337002235436e-05
100.57817,68.069244,100.57816701754984,68.06924916576085,52.506476726135105,8.148211009029183e-06
74.50287,54.74765,74.50286846446753,54.74765265962317,23.263806805819634,4.195155646868898e-06
102.601295,67.09846,102.60129787479666,67.0984550207007,53.77316324622971,7.854095969150876e-06
95.039154,69.648605,95.03915273022227,69.64860719932196,48.49922670362156,3.469099681296939e-06
80.72862,57.863403,80.72861937035437,57.86340409057944,30.213341159274737,1.7202250788272977e-06
62.415585,46.9648,62.41558448206574,46.964800897089425,8.904486262083129,1.4150236893328838e-06
88.9239,58.13536,88.92389834650736,58.1353628639364,37.44664215495565,4.5174290477234536e-06
64.06153,47.234978,64.06153043490978,47.234977246713335,10.465005723568316,1.1881964425697333e-06
104.307014,66.35753,104.30701593616351,66.35752664646277,54.87989493799539,5.289700737876046e-06
101.23044,67.75564,101.23044284084162,67.7556350795126,52.91455739864037,7.761329015920637e-06
73.213745,52.60025,73.21374398868177,52.60025175165648,21.073692381227087,2.7629747094692902e-06
66.00879,47.493973,66.00879074459452,47.493971710323066,12.28088020534422,2.0342714464050005e-06
89.58458,58.777718,89.58458144854359,58.77771549104619,38.33998671197983,3.95749739823259e-06
70.43822,49.122025,70.43821949953549,49.12202586683091,16.93090548982582,1.3672954182197827e-06
69.982025,48.80033,69.9820235967073,48.800332430576915,16.37498155460313,3.833869612890339e-06
78.67741,57.79699,78.67741033492744,57.796989419888014,28.403734233430015,9.150394362222869e-07
91.83649,65.32091,91.83649053647031,65.32090907080513,43.561791833922314,1.465665178557174e-06
64.95546,47.350746,64.95546009863676,47.350745829155926,11.297055976565742,2.694808358683076e-07
71.93901,50.653633,71.93901165117057,50.65363014008555,18.996431483447573,4.511085023750638e-06
65.86787,47.47324,65.86787025975246,47.47323955009505,12.148473380638476,7.096574137221978e-07
92.43127,67.21072,92.43126909428452,67.21072156874693,45.021790790899786,2.474462419854717e-06
90.68312,60.85933,90.68312378675816,60.85932344113531,40.332155666889626,1.0345622847296454e-05
80.35068,57.883034,80.35068074944667,57.88303270191889,29.895850920862976,2.0475277793252644e-06
90.47276,60.313026,90.47276432495771,60.313018508945326,39.876826736769814,1.181601238897656e-05
73.8731,53.729454,73.87309913573804,53.72945549694723,22.209312255094602,2.3612091837321714e-06
77.55532,57.498146,77.55531900649089,57.49814772081013,27.282553645313108,2.714319236929441e-06
91.09712,62.228897,91.09712176029399,62.22889395107807,41.37547322151603,4.809215916168341e-06
105.5641,65.94757,105.56409850284668,65.94757259314844,55.76358381340271,4.090301757742054e-06
82.168396,57.713078,82.16839606133686,57.713077893761316,31.385061652628277,1.6757554988089396e-07
96.435326,69.60661,96.43532529992638,69.6066112125644,49.68734997064759,1.912638026624336e-06
94.53585,69.531166,94.53585031349975,69.5311654570019,48.004633082956886,8.564978486447217e-07
88.86307,58.089996,88.86306826079566,58.089999012393555,37.371279833834485,4.751597892038717e-06
77.83441,57.596706,77.83441059686936,57.59670496619083,27.57353270085569,1.6306785255437717e-06
73.236725,52.639343,73.23672677868922,52.63933991921654,21.113140134440048,4.859472667817499e-06
107.81581,65.973236,107.81580809690243,65.97323929626526,57.726455396737485,5.199362831831422e-06
78.99194,57.840218,78.99193886719392,57.840219962079814,28.697739260292074,3.094885890675414e-06
90.56072,60.53042,90.5607200330031,60.53041994283692,40.061699263121305,9.016616786539089e-08
75.884094,56.44023,75.88409228925399,56.440232963102254,25.306271511911028,4.6738482737396225e-06
77.1286,57.31024,77.12859974404691,57.31024044332424,26.819050261092123,6.992773364800087e-07
81.77484,57.76297,81.77484179740983,57.76296688679145,31.069178045441635,4.910618386588794e-06
104.22193,66.390625,104.22192855298488,66.39062750630644,54.82275749890178,3.953321566996237e-06
71.02401,49.62521,71.0240094920734,49.62521087975565,17.68980694361066,1.3876822464453653e-06
91.43157,63.60803,91.4315734935509,63.608023948985746,42.354681432566984,9.54456515955826e-06
95.125946,69.660126,95.12594817510161,69.66012223260942,48.58015129625451,5.942492194321858e-06
106.54651,65.78294,106.54650770701392,65.78294397157273,56.53206112974643,6.26455882013488e-06
83.06877,57.587334,83.06876995986163,57.58733406952179,32.10193667365982,1.0966016361635411e-07
103.004105,66.91198,103.00411032896162,66.91197076995766,54.02876711057122,1.4559003957970162e-05
86.875885,57.35296,86.87588611097904,57.35295807572576,35.28180897396301,3.035253286043371e-06
83.05893,57.588745,83.05893156182957,57.58874229482889,32.09412048078498,4.267000676350108e-06
83.46822,57.530525,83.46821948202734,57.53052589715595,32.419466138798555,1.4151286151786735e-06
108.08395,66.119225,108.08395059066116,66.11922397694374,58.031665952117436,1.6137174156938272e-06
63.58079,47.167305,63.58079086505888,47.16730350167243,10.014836085083713,2.3633864500993695e-06
89.38669,58.552773,89.38669173917022,58.55276998766555,38.056136490112934,4.751504668831785e-06
108.690865,66.72847,108.69086714013612,66.72846629317146,58.86189215415479,5.8469646546654985e-06
73.95118,53.861115,73.95117862156252,53.86111738752635,22.34276198319893,3.765963825230756e-06
83.51262,57.5243,83.51262079847722,57.52429861699538,32.45480517976121,2.181481832508325e-06
91.512886,63.962044,91.51288709709465,63.962042099774244,42.60211002867089,2.9973204078714843e-06
98.40002,69.03002,98.40001872453516,69.0300222091723,51.100530585294685,3.4846371477215143e-06
99.7871,68.439415,99.78709599902778,68.4394219298947,52.00647517165508,1.0930866920944027e-05
77.459274,57.459953,77.45927441185653,57.459952286642775,27.180278862319977,1.1252137568362741e-06
75.331985,55.863655,75.33198640427486,55.86365256772195,24.539843697733005,3.836552906477664e-06
68.97483,48.26307,68.9748308131803,48.26306859152886,15.234095079936889,2.2216514494743933e-06
108.617355,66.62514,108.6173551049298,66.62513981825607,58.74656565163416,2.8667372475865704e-07
75.59129,56.1508,75.59129026074446,56.15079954837686,24.90798085883233,7.123675942466434e-07
87.94819,57.60343,87.94818838941973,57.60343278960989,36.33568749538401,4.400190157127781e-06
88.749664,58.010506,88.74966288438591,58.0105079323024,37.2333223626269,3.047916486309532e-06
81.34161,57.811344,81.3416091279974,57.81134551035446,30.718176737634852,2.382357060071172e-06
84.76715,57.36956,84.76714898163566,57.36956176386071,33.46389038921436,2.782225053010734e-06
73.57217,53.214813,73.57216654868041,53.214818977867395,21.69137886980605,9.429186981435578e-06
94.08592,69.336395,94.08592247033467,69.33639072125017,47.51759674644027,6.7490844912754255e-06
90.851524,61.366608,90.85152521590251,61.366605893992784,40.73163664122449,3.3219097304026945e-06
96.14155,69.64961,96.1415485144966,69.64961257297016,49.45443240463947,4.058473550117014e-06
65.72508,47.45289,65.72508162761585,47.45288718088358,12.014638587829257,4.446732262408659e-06
64.80665,47.33175,64.80665129332777,47.33174775988813,11.158684708849778,3.5334396386588196e-06
69.514786,48.524673,69.51478516543037,48.524674445518585,15.832512213376772,2.280088217787579e-06
103.56291,66.66317,103.56290793176342,66.66317358229475,54.38830167012504,5.650531335277265e-06
78.61897,57.78725,78.61896953026682,57.78725081360263,28.348253699013586,1.2833358127295469e-06
108.37656,66.35202,108.37656119474903,66.35201793063173,58.40147111939309,3.2641172964531506e-06
67.16323,47.69993,67.16323183851163,47.69992681560097,13.383633260917923,5.022910670504643e-06
72.97366,52.197197,72.97366075256389,52.19719569651968,20.664246280350003,2.0560442166583925e-06
89.93677,59.267353,89.9367699365458,59.267353109906026,38.88980958180531,1.733602204012641e-07
100.23461,68.23191,100.23460688607624,68.23191539348008,52.290277890706406,8.507403848057038e-06
94.63124,69.5607,94.63124020794756,69.5606996398239,48.102010256672855,5.681236530108436e-07
77.33009,57.404915,77.33009148212851,57.404912432875335,27.04088322856047,4.049253178095569e-06
73.97333,53.89826,73.97332849900577,53.898262599801114,22.38051693592769,4.100795344186281e-06
91.524704,64.01352,91.52470383074214,64.01352029316352,42.63808269862396,4.624213829629298e-07
107.013916,65.78232,107.01391807400802,65.7823164077088,56.93653671028809,5.666299216500192e-06
97.71262,69.277275,97.7126194356185,69.2772759775385,50.62885195920178,1.5419199854704857e-06
71.18136,49.77982,71.18135924073096,49.77982131509398,17.90338101480833,2.0743630244624e-06
85.02605,57.346073,85.02605003210633,57.34607294439016,33.67636093701859,8.771616677449856e-08
95.80946,69.67895,95.80946190596754,69.67894669876378,49.18150393784929,5.207203756185663e-06
107.06502,65.78634,107.06501993075877,65.78634011992948,56.98280408294975,1.891707199774828e-07
73.80681,53.616898,73.80680800372674,53.616901457650464,22.095625461469385,5.453923719755949e-06
74.49812,54.740444,74.49812119772133,54.74044192548353,23.256090186977847,3.272237798057631e-06
95.28337,69.67529,95.28337033416909,69.67528942120157,48.724066510401194,9.129675220265199e-07
62.302025,46.940937,62.30202577382444,46.94093565969529,8.794208900168265,2.114129145525112e-06
83.24202,57.562572,83.24201954570678,57.56257278685981,32.239594625920034,1.241153022135677e-06
75.65033,56.212082,75.6503296615109,56.21208258628096,24.989751987545347,9.247700560877092e-07
93.46611,68.87289,93.46611385740731,68.87288331876728,46.74907308414846,1.0538640026425128e-05
89.843925,59.12573,89.84392504994611,59.1257299134907,38.73859198920219,1.3645540519746646e-07
89.38074,58.54648,89.38073808614138,58.54648331490402,38.047837140129616,5.228762645970164e-06
94.69672,69.57887,94.69671805526363,69.57887336838584,48.16780260814588,5.313122215966359e-06
100.69043,68.015625,100.69043002356568,68.015624959183,52.576887286418255,6.43826751911547e-08
80.62247,57.869995,80.6224693938321,57.86999604991475,30.124708534892164,1.6560826452405308e-06
96.78681,69.53696,96.78680974676746,69.53696043861211,49.95691915519191,6.91844661560026e-07
92.98937,68.29054,92.9893697820734,68.29054037746035,46.04502925879403,5.953869504082832e-07
88.21269,57.71157,88.21268951356952,57.71157084252324,36.618821232919565,1.3289537150740216e-06
104.55353,66.264824,104.5535315687498,66.26482128284268,55.04703115259353,4.285907138523726e-06
90.45687,60.275326,90.45687083399673,60.2753245554737,39.844215604774504,2.278523034249247e-06
64.24977,47.26003,64.24977004961426,47.260029914065484,10.640552379791625,1.3554877398291865e-07
92.2016,66.58662,92.20159828667465,66.58662296756978,44.510840937500404,4.680895131059515e-06
94.81251,69.60705,94.81251154839717,69.60704731809453,48.28216970547172,4.230302636187844e-06
84.18933,57.434258,84.18932949893704,57.434258867867456,32.9958324274419,1.3689304125819035e-06
107.67827,65.9176,107.67826942546469,65.91760099512544,57.57952425297482,1.5696607533755014e-06
80.38931,57.881535,80.38931002934149,57.881534949178985,29.928555991949302,8.016250774289801e-08
69.65707,48.603363,69.65706856826431,48.603365479841685,15.995078773343476,3.9115773802222975e-06
95.539986,69.68551,95.53998824953496,69.68550610368693,48.951412541853095,6.145848018945799e-06
95.196335,69.667786,95.19633277326378,69.66778985682448,48.64493997189425,6.083560705860691e-06
102.68201,67.06071,102.6820130337891,67.06070474531742,53.82418952120669,8.28847167611002e-06
78.28122,57.719532,78.28121995620013,57.71953207586368,28.021894566810435,1.196635537326074e-07
60.184776,46.280754,60.18477672168901,46.2807527499966,6.630525750013419,1.971692412894299e-06
90.20094,59.72892,90.20094350930198,59.728913921704056,39.34937088628182,9.587597922688929e-06
74.76298,55.129288,74.76297974472459,55.12928844215046,23.67988757889917,6.974258681680112e-07
69.83387,48.70744,69.8338697689035,48.707440400271324,16.200230563913678,6.313678326819172e-07
65.2345,47.38674,65.23449978887922,47.38674036567232,11.556708756423987,5.767930915112629e-07
88.59566,57.91242,88.59565875391517,57.91242215828458,37.05090799009494,3.404369401494023e-06
84.237495,57.428337,84.23749526951465,57.4283365331864,33.034584054814765,7.363282534811333e-07
90.82439,61.280334,90.82438573706318,61.280341383631196,40.66500093680618,1.1646568005119207e-05
80.953545,57.846912,80.95354483294757,57.84691228934363,30.399886483097823,4.5639605872338507e-07
90.03496,59.428215,90.03495987888266,59.42821520978163,39.05527557358293,3.3089896334104196e-07
96.37332,69.61691,96.37331955230928,69.61691077542395,49.63880118059995,1.223114665549474e-06
90.58339,60.588936,90.58338574139295,60.58894337613182,40.11059004043931,1.1634738875443418e-05
94.82645,69.61011,94.82645019628913,69.61010966001687,48.295772101641326,5.362722674817633e-07
70.6093,49.257812,70.60930049998692,49.257811133996334,17.146958600761714,1.3659905775398329e-06
86.12115,57.30362,86.12115190759444,57.30361669594591,34.6035191327471,5.211648527847501e-06
61.838905,46.83373,61.83890585755687,46.83372851466631,8.33953164963497,2.342890560669275e-06
60.43497,46.384933,60.434968909778824,46.38493488832053,6.899289626363758,2.9785417083871835e-06
63.404472,47.140697,63.40447164563447,47.140697613779764,9.84883618717704,9.68145286606159e-07
83.94167,57.465893,83.94166844824903,57.465895687714465,32.79717000449763,4.239465432931411e-06
92.522484,67.4257,92.52248602479386,67.42569649295037,45.20827436567148,5.531843498829403e-06
92.51,67.39729,92.51000049903291,67.39728913564872,45.18325791320517,1.3633841859927998e-06
108.05853,66.10296,108.05853033019655,66.10295942808219,58.00151908700325,9.021143512200069e-07
96.473976,69.59988,96.47397873909742,69.59987525573892,49.717456864386875,7.48335850175863e-06
61.0614,46.611374,61.061399417077205,46.611375009652996,7.555014475382512,1.5925757921309014e-06
68.319565,48.012188,68.3195660733884,48.01218614083473,14.541177891588413,2.932553677226224e-06
80.17167,57.88833,80.17167077853296,57.888328651539915,29.74347166888053,2.1269930385869884e-06
68.16829,47.962936,68.16828892467927,47.962937862512156,14.385543883048516,2.937832881855229e-06
89.14569,58.318398,89.14569268067103,58.31839335693651,37.7302369067639,7.32373452194679e-06
91.67175,64.64703,91.67175063906359,64.64702889310817,43.0821830456944,1.7459554157994717e-06
78.880356,57.8266,78.88035653984738,57.826599064955914,28.594295660850303,1.4748914622941811e-06
95.52234,69.68534,95.52233888590737,69.68534192966716,48.93604565347928,3.0437597899890534e-06
63.234077,47.113846,63.23407645319498,47.11384694709511,9.687844259235483,1.4939001289349108e-06
91.38946,63.42578,91.38945869313488,63.425782263559256,42.227088167430836,3.570424368604108e-06
101.31495,67.714775,101.31495080429485,67.71477360691894,52.96731274219557,2.1973759203319787e-06
89.827515,59.1017,89.82751610645037,59.101698083569666,38.71236551828128,3.0228807048615636e-06
65.60025,47.435562,65.6002495449548,47.43556278816226,11.897868614277964,1.2432074569801443e-06
102.7888,67.01104,102.78880140652652,67.01103756382193,53.89183741962338,3.842704586531909e-06
82.1103,57.720726,82.11030046347437,57.72072519723796,31.338573023918027,1.2662364170523688e-06
75.1078,55.591385,75.10779979479356,55.59138535542835,24.209558851024514,5.606347812658896e-07
92.25764,66.75055,92.25763942860722,66.75055098968241,44.641337947296975,1.5610751802341838e-06
99.27986,68.666336,99.27986180877367,68.6663328671087,51.68065273318313,4.941664982993643e-06
108.27411,66.26008,108.27411123559523,66.26007785988394,58.26677683019098,3.375711301600859e-06
75.9808,56.528023,75.98080015760237,56.52802272702438,25.43391785153367,4.305779910396268e-07
85.66717,57.308075,85.66716892437651,57.308076863036575,34.21258831087901,2.938660060181064e-06
95.212036,69.669304,95.2120367859437,69.66930263870411,48.65929643984676,2.14723958436025e-06
88.420784,57.81359,88.42078340473495,57.81359103103041,36.850045930709385,1.6262954645185346e-06
90.97214,61.77169,90.97213829812205,61.7716929477423,41.038634024086754,4.649620251484521e-06
86.11294,57.303497,86.1129392340483,57.3034983266687,34.596347562293055,2.0926203987414738e-06
83.00083,57.597057,83.00082888835698,57.59705892542427,32.0479603877005,3.037067287436912e-06
95.86464,69.67561,95.86463640024843,69.67561623495943,49.22762123403077,9.834710994027773e-06
87.04689,57.376495,87.04688889981469,57.37649690557897,35.44167117890166,3.0057642845804367e-06
62.42662,46.96707,62.426618308227084,46.967072930239844,8.915177854091759,4.622012760080452e-06
96.64554,69.56717,96.64554152928524,69.56716735119738,49.84968070066983,4.178087863238034e-06
70.91681,49.5248,70.91680894704065,49.524801823781075,17.546764036083893,2.876740424540003e-06
89.70112,58.925987,89.70111995666741,58.92598707505432,38.51504777940357,1.1838691449383987e-07
67.14601,47.69623,67.14600834815455,47.696232861083374,13.366870300910978,4.512928825306517e-06
108.7751,66.861435,108.77510335952235,66.86142918113023,59.00132426953978,9.178392119224554e-06
96.87378,69.516975,96.87378006374632,69.516974889588,50.02224491327885,1.7415833042377926e-07
103.44414,66.7149,103.44414299462463,66.71489481315234,54.31130878369838,8.181472281876268e-06
84.784294,57.367886,84.78429396493871,57.36788606072802,33.47790053347134,9.578931070564067e-08
108.064285,66.1066,108.06428805406907,66.10659471019144,58.0083230630722,8.343877624383822e-06
78.99724,57.84082,78.99723892499432,57.8408218619665,28.702630195937765,2.936972187228548e-06
75.07477,55.549374,75.07476791142761,55.54937761751742,24.159948541323438,5.706089808654724e-06
64.54359,47.29814,64.54358901429512,47.29814170729278,10.91406301774329,2.6929976542078293e-06
106.39838,65.795334,106.39838105524225,65.79533217226482,56.40997374662305,2.882977426565958e-06
73.51332,53.11355,73.5133193685209,53.11355109375508,21.589781802322083,1.725234177740731e-06
94.04462,69.31332,94.04461925216171,69.31332129529532,47.47029239694912,2.04313360541164e-06
86.21326,57.305496,86.21326072510904,57.30549474407296,34.68422675367962,1.9810360711858266e-06
85.45016,57.317276,85.4501606121616,57.317274939703836,34.029252582979055,1.6724577633908666e-06
67.23327,47.71519,67.23327035955546,47.71518937723099,13.451919690499917,9.823244653262009e-07
80.118805,57.889355,80.11880553353694,57.8893540758859,29.69820172300277,1.457651052305664e-06
95.78493,69.68022,95.78493065305503,69.6802188688743,49.1608953283806,1.784180724939688e-06
74.33629,54.489784,74.33628984123393,54.48978427499121,22.990611360210004,4.337572789836486e-07
69.699036,48.627426,69.69903666922244,48.627424840871484,16.043453895506637,1.828350946198043e-06
69.88797,48.74074,69.88796823557335,48.74074305607993,16.263732537413404,4.820506568137262e-06
99.45998,68.586945,99.45998414650012,68.58693781804327,51.79694580394052,1.1328456849923896e-05
80.57764,57.872536,80.57764002446169,57.87253595763107,30.087155104411536,6.683060860268597e-08
67.27801,47.725143,67.27800836087177,47.725145839056474,13.495642173561254,4.478184699507892e-06
66.45993,47.565716,66.45992928983652,47.565717230040576,12.707450483219773,1.940204050754346e-06
88.98872,58.185917,88.98872204348584,58.18591346057486,37.528056416255765,5.582910979740063e-06
102.87527,66.97107,102.87526927755961,66.97107125130483,53.9467376730668,1.973745227701329e-06
89.114716,58.29107,89.11471602394047,58.29106995853382,37.68974863977138,6.54066525385133e-08
103.66346,66.61994,103.6634590307116,66.6199416788586,54.45376556591337,2.648146988804001e-06
69.495834,48.51452,69.49583380581659,48.5145203363359,15.81102279960147,5.305193155891175e-07
104.548,66.266846,104.54799967068132,66.26684657039733,55.043253029977095,8.997160136914317e-07
76.76215,57.108192,76.76215087780457,57.108190479596246,26.400671247979616,2.398208323484141e-06
93.71666,69.09297,93.71665879857261,69.09297208093554,47.07609571820798,3.282362939671657e-06
91.92409,65.6556,91.92408645262611,65.65560614423853,43.805000543054014,9.69161241926031e-06
79.28415,57.867607,79.2841507529685,57.86760569581887,28.964495101349637,2.057149636414124e-06
90.17369,59.67689,90.17369207389989,59.67688640789609,39.29975670887899,5.666003801252373e-06
72.17386,50.969986,72.17385668620132,50.969991739673944,19.357993975570913,9.053472631137538e-06
80.188896,57.88794,80.18889586395315,57.887940235640315,29.758194826714657,3.716871646020081e-07
91.94896,65.7472,91.94895833121012,65.74720289043202,43.872338563244334,4.559221892463938e-06
61.372883,46.70753,61.372881658922566,46.70753232281679,7.872844700465031,3.6638942262356977e-06
71.50158,50.12227,71.50157923050949,50.12227133279813,18.351924605141047,2.1022886400601237e-06
63.63017,47.17456,63.63016974631168,47.174560439401546,10.061227928218475,6.930898663881635e-07
101.726776,67.515686,101.72677730010773,67.51568374814492,53.22442019886602,3.551962805659059e-06
90.375824,60.090282,90.37582052298747,60.090288022368924,39.68150576646258,9.499381448563327e-06
91.53073,64.03978,91.53073316770514,64.03977451336779,42.6564313583868,8.654337335656237e-06
66.54762,47.580795,66.54762133980566,47.580792679386,12.790931765421739,3.6604196651524035e-06
90.31019,59.948853,90.31018856211878,59.94885549048604,39.553950597470035,3.9283672634837785e-06
79.13634,57.8552,79.1363380817275,57.855203322549066,28.830284356577916,5.240821565166698e-06
90.2213,59.7685,90.22130064159319,59.76849888872678,39.38679315211874,1.7528664102428593e-06
93.804474,69.15888,93.80447196628879,69.15888352249497,47.18509986679278,5.556206190249213e-06
91.59376,64.31324,91.59375837573928,64.31324281330515,42.84774684259486,4.4375658774242766e-06
91.87694,65.47777,91.87694352772205,65.47776388979953,43.67525250688392,9.637922516958497e-06
72.1156,50.8895,72.1156010694935,50.88949814758092,19.267296354714038,2.9219125678991986e-06
67.13384,47.693638,67.13384052860434,47.69363708442944,13.355034769932695,1.4441748916738106e-06
96.08626,69.65599,96.08625965815227,69.65599059209825,49.40973984439384,9.339459694501784e-07
91.598724,64.3347,91.59872741920591,64.3346940777552,42.862775785091856,9.341450706301657e-06
66.64534,47.59809,66.64533927291532,47.598091259348976,12.884207283886244,1.9864336593400367e-06
68.371185,48.029675,68.37118503344725,48.02967494206761,14.594625627970538,9.137963985494935e-08
94.883026,69.62184,94.8830268099833,69.62183859706623,48.35063336345064,2.21291708157878e-06
94.20091,69.39569,94.2009122743788,69.39568606065608,47.646828510524,6.21372272746612e-06
107.209564,65.802795,107.20956215742223,65.80279819144181,57.11621038632509,5.034019579852611e-06
64.80259,47.33123,64.8025900518355,47.3312299102182,11.154908644964134,1.4161729922079758e-07
106.30962,65.805176,106.30961869006569,65.80517826887527,56.33802630679034,3.5788095686939414e-06
78.06683,57.66564,78.06682852841666,57.66564254885987,27.809281351900548,4.020443199692636e-06
108.362,66.33818,108.36200112382238,66.33817805348039,58.38194179173711,3.0703419895417028e-06
91.44267,63.656235,91.44267175695549,63.65623195686052,42.388396797448806,4.800094963286483e-06
95.60663,69.68545,95.60663218344118,69.6854462181648,49.00909795462954,5.965276386632468e-06
65.882416,47.47535,65.88241691481191,47.47534841549757,12.162125588734602,2.499314334158953e-06
93.19939,68.57742,93.1993902711316,68.57741953038577,46.37035184633457,7.407458468833283e-07
72.13528,50.91654,72.1352795624029,50.91654075794121,19.29785972824626,1.1955383101280859e-06
91.82323,65.26865,91.82322575413393,65.26865735406378,43.52417835531714,1.1599929848671309e-05
85.487236,57.315414,85.48723550436367,57.31541485846824,34.06043035036935,1.3541045689180464e-06
105.93381,65.864746,105.93380977071072,65.86474639714109,56.0423501866515,6.264303635816759e-07
64.528496,47.296204,64.52849585071004,47.29620425857809,10.90002322752528,4.0786805044490393e-07
103.69304,66.60733,103.69304349733873,66.60732394242501,54.47307760950359,9.554913731335546e-06
92.60803,67.61209,92.6080340932676,67.61208291024482,45.37555431881269,1.1183022778027407e-05
62.873985,47.052788,62.87398601383143,47.052786243990546,9.345466379458726,2.769840882876906e-06
85.33308,57.323883,85.33307977487061,57.32388338993596,33.931161798345194,6.150653391046035e-07
94.59474,69.549835,94.5947397092375,69.54983550361597,48.0649678252582,7.943784652297836e-07
94.49611,69.517746,94.49610910143534,69.51774755636134,47.96350722951398,2.454926004702429e-06
73.169815,52.52574,73.1698132040967,52.52574311059914,20.998392905346385,4.906502439894211e-06
61.110256,46.627132,61.110255628648545,46.6271326432003,7.60520401760308,1.0145517492787803e-06
82.40662,57.68091,82.40662102565757,57.680908223507046,31.575285757851614,2.80215051873256e-06
67.73822,47.837887,67.73821954277267,47.837887791941846,13.950567787216805,1.2491691734339838e-06
63.281425,47.12143,63.28142576521666,47.12142867460442,9.732640838135165,2.0906122415453865e-06
87.61714,57.49731,87.61713964438718,57.49731061594016,35.995929750680276,9.715529856180183e-07
108.42828,66.40341,108.42828093133667,66.40340838687578,58.47195694446846,2.5444608837688065e-06
92.11984,66.333176,92.11983983304415,66.33317628917631,44.313312784866056,4.561321560458964e-07
73.192955,52.56496,73.19295577570806,52.56495865643276,21.038042722609788,2.119275301026846e-06
75.71009,56.2726,75.71009201459734,56.27259651061125,25.071764655031735,5.503986088228885e-06
66.186676,47.5212,66.18667697864522,47.52119830493491,12.448547531201159,2.6737103056007072e-06
103.15089,66.84537,103.15089706864482,66.8453577567347,54.122581711390254,1.9311910122610243e-05
66.668106,47.6022,66.66810569983208,47.60220051990665,12.905978221924862,8.200745611475213e-07
60.40222,46.37177,60.40222026900524,46.37176953406875,6.864345792039276,7.349364921083179e-07
76.193886,56.70839,76.19388579003837,56.70839036366463,25.708639217264192,5.736262664868264e-07
107.47508,65.855,107.47507957193699,65.8550007414277,57.37225652879562,1.169490715824395e-06
108.17935,66.185455,108.17935314521591,66.18544955232028,58.14739977107634,8.592895639480957e-06
93.34307,68.74523,93.34307177358245,68.74522692806174,46.57868734163298,4.8455207206643536e-06
68.42618,48.048702,68.42617884135564,48.04870400683309,14.651766200257596,3.165477458821897e-06
73.4466,52.99876,73.44659936488405,52.99876110005429,21.47460561858567,1.735170243932771e-06
63.97435,47.223145,63.97435124766748,47.223142838974184,10.383589113114704,3.4086932956256533e-06
93.482086,68.88845,93.48208589153921,68.88845018785979,46.77068870340696,2.963205645301059e-07
84.689705,57.377327,84.6897044212182,57.377328002480596,33.40070453034715,1.5812624027944366e-06
78.00832,57.649353,78.00832008438562,57.64935285383965,27.75046669836789,2.305459645413066e-07
89.36037,58.52517,89.36036767433474,58.5251740281748,38.01954120656147,6.353840063866301e-06
94.20148,69.39596,94.20147935572811,69.39596111591285,47.64745714502834,1.7601847446258034e-06
90.89169,61.497574,90.89169547734524,61.4975645129494,40.83190437349836,1.4964395838035216e-05
86.18367,57.30478,86.1836700668378,57.304779884233405,34.65824305528507,1.826043956043577e-07
71.80492,50.482746,71.8049172460127,50.48275077005111,18.794862675295626,7.524038402095812e-06
90.775856,61.130463,90.775854014054,61.13046643976313,40.548033809711455,5.425709133533019e-06
92.86107,68.087296,92.8610672192727,68.08730081636622,45.83229625233591,7.5970935284885854e-06
81.599075,57.783546,81.5990737505014,57.783548164197406,30.92724904040945,3.4136959996544647e-06
90.75035,61.053925,90.75034970102318,61.053925517843595,40.48767599105176,8.168204104208598e-07
60.830315,46.53325,60.83031488282432,46.533250202954456,7.315826972326956,3.2013013395726375e-07
72.05026,50.8008,72.05026255625692,50.8007955724283,19.16636027568659,6.9838286336221245e-06
92.987236,68.287346,92.98723633434514,68.28734542089659,46.04158416138504,9.134485594586295e-07
73.36859,52.86476,73.36859025817431,52.86475955282848,21.340047013233097,7.053458261907508e-07
105.92935,65.865616,105.92935244547309,65.86561176431177,56.038922711941176,6.681161323740525e-06
108.768776,66.850845,108.76877641116202,66.8508442878457,58.99055252772514,1.1233163235147003e-06
61.71777,46.80282,61.717770559598456,46.80281903074598,8.219170646380281,1.5288524721768226e-06
97.916435,69.20806,97.9164352163791,69.20805962522002,50.77075350333557,5.911590790219634e-07
75.93578,56.487625,75.93578016375835,56.48762471636191,25.374730393749108,4.473964523299401e-07
84.93327,57.354027,84.9332689446748,57.35402882787888,33.59998807488553,2.8832040754878108e-06
69.430305,48.479984,69.430303927291,48.4799858579885,15.737005019567912,2.9306974980158884e-06
70.10975,48.8848,70.10974918945988,48.884801403898216,16.52782964491236,2.2144383464706152e-06
77.838104,57.597893,77.83810513297038,57.59789103763559,27.577325299084194,3.095334790259585e-06
70.49333,49.16481,70.49332852679315,49.16481255167191,17.000024645341345,4.024878755615191e-06
94.70233,69.58035,94.70232797778945,69.58035350257525,48.17340101138075,5.52478580573279e-06
75.10361,55.586082,75.10360936625406,55.586083097681374,24.203278705762557,1.7314273179636075e-06
80.41974,57.880272,80.41974139339678,57.88026958656336,29.954277652691125,3.806833412056676e-06
72.87217,52.03049,72.87216967882006,52.03049055630059,20.492999906351763,8.774805309030853e-07
74.19339,54.261223,74.19338827344225,54.26122599048899,22.752575889765893,4.717046728330843e-06
74.18218,54.24304,74.1821798576283,54.24304024659529,22.733776249780764,3.8896699550150515e-07
92.17143,66.495125,92.17143480152691,66.49511668350237,44.43896548137514,1.3118024540403894e-05
64.59721,47.30501,64.59720837697213,47.305012811169796,10.963934309749163,4.4341976632722435e-06
68.19987,47.972977,68.19986954703764,47.9729777845547,14.417913468651516,1.2375170683753822e-06
79.73636,57.88878,79.73635965231145,57.888780602214894,29.366707047349735,9.499034518967164e-07
91.73172,64.89813,91.73171971324535,64.89813049667416,43.25966850059223,7.834288027197545e-07
92.2511,66.73182,92.2510990543867,66.73182163785208,44.62630914727442,2.5834653740730573e-06
100.74252,67.99068,100.74252038491841,67.99067933330103,52.60952607221141,1.0516173745145352e-06
74.028275,53.989967,74.02827394277676,53.989968831166344,22.47395417719711,2.888389573740824e-06
88.246544,57.727093,88.2465439681128,57.72709305523031,36.65590115858506,8.711750609791125e-08
99.75615,68.453545,99.7561504354154,68.45354424583759,51.9867366723162,1.189577815807752e-06
87.15074,57.393425,87.1507398871032,57.393425195543195,35.54007293468865,3.084399935460169e-07
76.69203,57.06481,76.69203037830486,57.06480934475604,26.318254547852,1.0335488198620624e-06
64.92896,47.34736,64.92896143447793,47.347357515408646,11.272413298491166,3.919069278879306e-06
89.27333,58.437515,89.2733267539015,58.43752062241367,37.90033487071857,8.868512175297383e-06
70.878716,49.49006,70.87871665468421,49.49005886605244,17.496403669567087,1.7886317706938826e-06
87.20424,57.40297,87.20424188829,57.40296672938219,35.59117780252329,5.158907811164681e-06
91.60666,64.36891,91.60666244619023,64.36890576306963,42.886753550574504,6.683120588490965e-06
107.03839,65.784134,107.0383916223256,65.78413119004657,56.958638821059196,4.432279027355435e-06
95.506256,69.68513,95.506258520968,69.68512563355056,48.922011497171496,6.8874174559141466e-06
68.23434,47.984077,68.23433856634966,47.98407948315794,14.45331536792083,3.916808282156126e-06
88.98692,58.18448,88.98692137030284,58.18447762656328,37.52577907069169,3.743739561912207e-06
83.52255,57.52291,83.5225502344482,57.52290959392336,32.46270981493507,6.405248527130425e-07
90.122345,59.58177,90.12234577819717,59.581768652121475,39.20773066130991,2.1260756994934127e-06
94.40691,69.48514,94.40691152425165,69.4851373599158,47.86995475576645,4.164335862810731e-06
70.03012,48.83165,70.0301189546976,48.83165181051884,16.432293044944768,2.855821236380507e-06
75.17955,55.680965,75.17955161011128,55.68096221120242,24.316486154044306,4.39890884962324e-06
66.553894,47.581886,66.55389349256927,47.581886878896746,12.796910709840715,1.3863274759273736e-06
108.864975,67.02371,108.86497324912678,67.02371303260469,59.160295757542734,4.783477919545476e-06
91.55096,64.12774,91.55095611025703,64.12774673723983,42.71793102109679,1.0626982799522011e-05
91.421776,63.56553,91.42177751628276,63.565527373718375,42.32494959483692,4.142564392850545e-06
89.36453,58.529503,89.36452996209857,58.52950306564728,38.025310371451084,1.0354871449180791e-07
94.73946,69.58985,94.73945966619941,69.58985057816021,48.21030653950706,9.119607966567855e-07
106.4857,65.7874,106.48570245731626,65.78739574379873,56.48162810875355,6.713517549883363e-06
78.30089,57.724037,78.30089061306077,57.72403593814643,28.04118178930602,1.6749143512129194e-06
76.54207,56.966614,76.54207029163503,56.966613494872746,26.139287383053187,7.967622863702672e-07
72.66122,51.69296,72.66121777719286,51.69296385001911,20.141546935688496,6.072826252534469e-06
96.79643,69.5348,96.79642954426346,69.5348007893597,49.9641703227324,1.245096242996624e-06
62.54285,46.99052,62.54284962518475,46.990520649199766,9.027561004634386,1.0240150203344456e-06
67.375626,47.74745,67.37562497325425,47.74745177837774,13.59133362330863,2.8051234863823993e-06
78.261475,57.71494,78.26147577144204,57.714938663821734,28.00249889242744,2.1076202969538826e-06
79.11521,57.85319,79.11520901599272,57.85319170435248,28.81098023562715,2.6883597712412666e-06
67.77287,47.847206,67.77287017224006,47.84720570167114,13.985235071829978,4.70568920718506e-07
78.71129,57.80238,78.71128907758518,57.802381597671086,28.435770179907877,2.5200859141705223e-06
95.32165,69.67792,95.32165177342694,69.6779169283311,48.75853297082422,4.845095830319224e-06
77.070885,57.28105,77.07088461305548,57.281050670208295,26.754472603222275,1.05715281506491e-06
65.4919,47.42083,65.4918992497039,47.42083129955238,11.796668742211708,2.049848475849103e-06
67.60761,47.803864,67.60761070223042,47.80386278369989,13.82044469229677,1.918530529110285e-06
72.98577,52.217255,72.98577135645905,52.21725265054145,20.684762842644012,3.7059176065668e-06
102.60158,67.09833,102.60158572015513,67.09832009238988,53.7733450635903,1.56277652507697e-05
73.120895,52.44314,73.12089758699068,52.44313551919582,20.914726964831985,7.06779485426523e-06
86.750656,57.33892,86.75065548803151,57.33892088675643,35.16633745483615,1.3987249261049328e-06
88.76584,58.021458,88.76584055986298,58.02145703028781,37.25280718889868,1.5295751722987916e-06
103.89983,66.52051,103.89982894640025,66.52051182489028,54.608753087119105,2.8784900223399745e-06
66.535675,47.578712,66.5356736472898,47.57871434296534,12.779545590004208,3.6956755380401773e-06
60.170826,46.274693,60.17082505679104,46.27469463368762,6.615414194815214,2.576896584116639e-06
81.70554,57.771225,81.70554079926352,57.77122361563348,31.013289965212536,2.1836300376776308e-06
85.559296,57.312134,85.55929652910388,57.31213308356421,34.12119615932942,1.4455396595280945e-06
69.15602,48.34472,69.15601943547242,48.34472097779152,15.43183523224225,1.5423190973251621e-06
68.519165,48.081837,68.51916531852942,48.081836448290275,14.74886108083608,8.702391411929966e-07
72.3642,51.242073,72.36419866461017,51.24207531296555,19.658876684568597,3.6483553742527874e-06
91.07444,62.14315,91.07443988453369,62.143150199993734,41.312958295082645,3.15460042088489e-07
95.97797,69.6668,95.97797131396626,69.66679772414116,49.32136292341596,3.5898250985155755e-06
75.66506,56.227142,75.66506088820431,56.22714046158333,25.010038539060982,2.4266209806000916e-06
77.75311,57.56984,77.7531106144076,57.56983893581367,27.48969182731572,1.6785939251917625e-06
95.21683,69.669754,95.2168320766936,69.66975040305724,48.6636731665808,5.6736363660547795e-06
65.84555,47.470016,65.84554946999278,47.47001691800045,12.12753168967281,1.4480076728773383e-06
91.98027,65.86028,91.98027166929953,65.86027710868528,43.95599377976811,4.560614243587224e-06
93.52475,68.928955,93.52475015491021,68.92895473168736,46.82788930473991,4.232228576483976e-07
93.201996,68.58066,93.20199730136996,68.58065774595865,46.374228707826816,3.555411311140233e-06
60.308304,46.333233,60.308303396292885,46.33323404565254,6.763743643800079,1.649359653299598e-06
75.23153,55.744415,75.23152811192884,55.74441827023877,24.393227140851955,5.158309939190531e-06
89.61097,58.810204,89.61097060695332,58.810202948724864,38.3790841153283,1.658228455880817e-06
64.27618,47.263496,64.27617891706237,47.26349787570504,10.665157115525876,2.9586426677497e-06
72.75043,51.8341,72.75042659465076,51.834105898244324,20.289375025287825,9.303593557774548e-06
77.62056,57.52281,77.62055910999334,57.52281154153843,27.351385147975655,2.4315450914969006e-06
76.89872,57.18822,76.89872005913219,57.188219897579934,26.558958336891955,1.6155225779357352e-07
76.76975,57.112797,76.76974994093118,57.112797102310324,26.409555540959534,1.6137914826686028e-07
94.657684,69.56824,94.65768395050182,69.56824008573345,48.12868143561206,1.3523163033823948e-07
98.507935,68.98793,98.50793663211002,68.98792717309946,51.17294275945519,4.459010554569431e-06
70.626236,49.271732,70.62623519868424,49.271733387921145,17.168585605305587,2.1892369090892316e-06
90.3494,60.032482,90.34940121762202,60.03247989101452,39.62972192859908,3.326607497911027e-06
72.24121,51.064697,72.24121114326509,51.06469501980462,19.46367626367546,3.123460480480844e-06
103.509415,66.686386,103.50941673126624,66.68638300135565,54.35358161901508,4.729910585865582e-06
92.53045,67.44365,92.53044939995542,67.44365103930883,45.22414811857578,1.6393534139069743e-06
93.36183,68.76561,93.36183267881496,68.76560536015131,46.605123974301215,7.3186636484479095e-06
75.771255,56.33296,75.77125415539129,56.3329614629068,25.154915088606963,2.3075155084484322e-06
70.82008,49.437523,70.82008135085803,49.4375206602427,17.419354911634784,3.690615329787761e-06
100.63961,68.039925,100.63961053484499,68.03992407362031,52.545025853451776,1.4612246701517506e-06
84.704735,57.375797,84.70473564767553,57.375795878191845,33.412955896342254,1.7694836884629694e-06
64.78026,47.32838,64.78025853904445,47.328382530452004,11.13414529358905,3.9914075458113984e-06
98.422134,69.02146,98.42213330546551,69.02146120297034,51.11540187979973,1.8975048305946984e-06
91.385315,63.407906,91.3853118227126,63.40791150322923,42.214561498465855,8.680516643266856e-06
74.11646,54.135715,74.11646026025662,54.13571454922181,22.62319858863018,7.110348008154688e-07
92.91069,68.16864,92.91068825781963,68.1686430175482,45.91594041131218,4.759728582826028e-06
75.74894,56.31112,75.74893977145909,56.31112039584491,25.124669735385876,6.243858194920904e-07
89.217636,58.384216,89.21763678166897,58.38421464610813,37.82545296053088,2.135560848159912e-06
74.48731,54.72399,74.48731022646291,54.723989607754305,23.238501456541325,6.187086114550766e-07
88.498215,57.85579,88.4982149658172,57.85579005920642,36.938203144774604,9.338922524193549e-08
105.00969,66.10762,105.00969358015507,66.10761379898275,55.36347547285113,9.781172309430985e-06
106.4875,65.787254,106.48750166158172,65.78725112205291,56.483113954965276,4.53952881684927e-06
91.82186,65.26326,91.82186084693085,65.26325853307117,43.52029690239557,2.313859681635222e-06
95.66847,69.68445,95.66846902714704,69.6844516850326,49.06215298061603,2.6578855596426365e-06
60.162483,46.271057,60.162481837348395,46.27105901377385,6.606370944388328,3.1764254586619245e-06
91.62011,64.42674,91.62010800770896,64.42674345075307,42.92731657177241,5.443044102548811e-06
86.021736,57.302708,86.0217366849588,57.302706813615266,34.516968060145665,1.8713435281370039e-06
82.077225,57.72504,82.07722522416151,57.72503961174045,31.312086224110168,6.124210614188996e-07
63.15209,47.100487,63.15208993848647,47.100487106544676,9.610161920554704,1.6805820735044108e-07
100.74265,67.990616,100.74264903011397,67.99061767989372,52.609606655570786,2.649779744956504e-06
64.14195,47.245758,64.14195043815451,47.24575724109328,10.540041501126364,1.1970612376899226e-06
90.351776,60.03763,90.35177670005194,60.037628787473146,39.63435360341351,1.912578795781883e-06
94.228836,69.409035,94.22883648806346,69.40903415464838,47.6776856370867,1.3334150850141668e-06
73.50292,53.095657,73.50292077675775,53.09565565461467,21.57182864298671,2.1221430799300833e-06
108.063095,66.105835,108.06309325623953,66.10583802028505,58.00690999287359,4.764045527849703e-06
92.46005,67.28045,92.46005300367764,67.28044479747203,45.08157998029019,8.20620562080876e-06
92.62915,67.65596,92.62915309245949,67.65595464369721,45.415779762380836,8.448762272905697e-06
108.85826,67.01076,108.85825882971415,67.01076202699679,59.14800540066841,3.197282637756871e-06
99.17049,68.71384,99.17049880753433,68.71382474488641,51.60968748950142,2.4062647923983604e-05
66.43058,47.56076,66.43057890918064,47.56076188935664,12.679554632713545,2.980176006417423e-06
71.08151,49.680702,71.08151098576809,49.68070029259769,17.76734939520694,2.6931704013577473e-06
69.797035,48.68516,69.7970339410896,48.6851618340886,16.15719051857985,2.8929989994708194e-06
89.78822,59.045315,89.78822005275168,59.04531490863131,38.65014256382646,1.4412037785405118e-07
84.410904,57.40773,84.41090139231041,57.40773451665579,33.17445720345181,7.124345387410358e-06
71.84494,50.533012,71.8449413235707,50.53300970750579,18.8546540008429,3.616064908840144e-06
64.1899,47.25213,64.1899008828373,47.25212847087926,10.584753427957192,2.4119580501746896e-06
91.41643,63.542336,91.41642712765427,63.54234097505418,42.30872283125489,7.847399913885056e-06
70.972946,49.576897,70.97294731963169,49.57689471432836,17.621427730096226,3.605303334097698e-06
63.28233,47.12157,63.28232865885661,47.12157232293102,9.733494591282087,3.664074412768059e-06
93.54112,68.94409,93.5411208098696,68.94408859726319,46.84963363827447,2.2126064038729965e-06
61.28032,46.680004,61.28031911949721,46.680005525077235,7.778919780411809,2.4055800338373956e-06
97.04733,69.474106,97.04733099314214,69.47410427982548,50.151109180639196,2.7133166611292836e-06
89.51759,58.697968,89.517590968268,58.69796632290881,38.242096686984674,2.645359188591101e-06
85.229065,57.330647,85.22906559639257,57.33064596701664,33.84446413863365,1.6293759230734395e-06
83.33177,57.549805,83.33177085401832,57.54980352079529,32.31093693233306,2.3332230227879336e-06
67.952774,47.89765,67.95277414609242,47.89764974696023,14.166258527929644,3.9913219040954573e-07
72.9345,52.132576,72.9345009005201,52.1325744402517,20.598022242726195,2.4602684050023527e-06
91.81212,65.22459,91.8121164704481,65.2245961133699,43.492526828483086,9.642921781960467e-06
75.106705,55.589996,75.10670338615435,55.589998795265714,24.207916053517007,4.40911136934119e-06
108.52591,66.51072,108.52590998426912,66.51072002724672,58.610161983797454,4.29775894872364e-08
93.44847,68.85542,93.44846766552294,68.8554240434373,46.72506139900644,6.377914360200521e-06
84.54432,57.39273,84.54431913881858,57.3927314916116,33.28249888637448,2.3527930181899137e-06
72.1177,50.892372,72.11769892309269,50.8923738652602,19.270551007383006,2.9421675051821694e-06
73.3323,52.80255,73.33229837615372,52.802552812587344,21.277513968209664,4.43643363468027e-06
66.83591,47.633465,66.83590970076733,47.63346551828674,13.066933275627289,8.175194068371638e-07
107.32171,65.821144,107.32170977054767,65.82114439742354,57.22250619024095,6.268758596661428e-07
89.26429,58.42873,89.26429112868372,58.428728045060325,37.88811350252722,3.0836233975151117e-06
71.397316,50.00657,71.39731665994655,50.0065688569378,18.203779355148924,1.8030087574061326e-06
97.1004,69.460236,97.10040105348497,69.46023417530849,50.19013416702841,2.878176488252393e-06
67.70071,47.827938,67.70070869731819,47.82794025631353,13.913108669530997,3.5589953384373985e-06
101.77201,67.49386,101.77201101763009,67.49385823741103,53.25268101159528,2.7802190629699908e-06
72.81671,51.940514,72.81670987284662,51.94051422023635,20.399982161169532,3.473897365324774e-07
66.95492,47.656746,66.95491928398373,47.65674724017791,13.181639477518246,1.9561941826395923e-06
69.23573,48.382534,69.23572938239609,48.38253506972252,15.519773120535469,1.6873264385708353e-06
98.47505,69.00084,98.4750506491537,69.00083887563156,51.150918501002025,1.7735221433667903e-06
85.81798,57.304234,85.81798088593942,57.30423246550624,34.341273139218295,2.4204331765531606e-06
87.33624,57.429016,87.33624136653407,57.42901363309099,35.718516176346554,3.733443072917453e-06
98.2495,69.087364,98.2494998039391,69.0873643395878,50.998848382501286,5.356486951768602e-07
63.80892,47.200195,63.80891898753019,47.200196753651056,10.228847500879706,2.7661208648055435e-06
109.20957,67.968925,109.2095724105368,67.96892082482324,59.93133097624066,6.5857135496116825e-06
97.583694,69.31906,97.58369310334047,69.31906155306154,50.53809122044411,2.4497210802110203e-06
93.35503,68.758255,93.35502988256314,68.75825520340685,46.59555750295841,3.2084369649965083e-07
72.26632,51.100445,72.26632020997961,51.10044463630424,19.503296152870153,5.736753792007221e-07
70.5163,49.18291,70.51629905495608,49.18291163686587,17.028967246886786,2.581909789967085e-06
91.655624,64.57858,91.65562209049399,64.57858330736504,43.03399254422882,5.216871045377047e-06
81.65439,57.7772,81.65438941062501,57.77720102082856,30.971980251282183,1.6102035473863907e-06
76.016754,56.559704,76.01675438563692,56.55970333205656,25.480895424432426,1.0535803554034828e-06
100.111855,68.2894,100.11186027596378,68.28939086175271,52.21271388974776,1.4414211065627569e-05
72.69365,51.743988,72.69364870862975,51.74399023672135,20.195146126316452,3.5280916037550014e-06
76.67657,57.055027,76.67656858892781,57.05502944405141,26.29997429546019,3.855123594576071e-06
93.26558,68.65738,93.2655825036414,68.65737566356118,46.467654050731824,6.840080217784816e-06
62.31653,46.94403,62.31652818018995,46.9440331520069,8.808317100810967,4.971816956356179e-06
71.94115,50.656406,71.94114778776607,50.65640983170572,18.999671277182642,6.043939649202912e-06
90.94959,61.69326,90.94959184309073,61.69325680766974,40.97989017799297,5.035420990395778e-06
67.25657,47.720352,67.25656885509494,47.720353983035885,13.474679085799883,3.1279409427042992e-06
77.74708,57.567787,77.74707996696294,57.56778705722192,27.48344319354648,9.025897185210852e-08
104.356155,66.33866,104.35615532151624,66.33865944311694,54.91301731169074,8.783993052929873e-07
61.57074,46.763554,61.57073898485665,46.76355575828177,8.072205912596589,2.773425116231465e-06
90.48378,60.339428,90.48378109343103,60.33942610611982,39.8995713285207,2.9873112197265073e-06
103.7578,66.57987,103.75779733895266,66.57987460907421,54.51543144118447,7.270121557212406e-06
79.338486,57.871452,79.3384866924466,57.87145080064601,29.01347396895136,1.8918005793011616e-06
69.94244,48.774986,69.9424386457878,48.77498834556689,16.328027940012902,3.6997790928694485e-06
65.86302,47.472538,65.86302004191052,47.47253792740879,12.143922156571715,1.145017236581225e-07
108.9728,67.25333,108.97280220999127,67.25332617217866,59.36848487823072,6.037812610770743e-06
88.166626,57.691086,88.16662452225069,57.69108855953968,36.56868663621942,4.037288988456567e-06
69.50011,48.5168,69.50010782714664,48.516803763496554,15.815865924305282,5.936349921853434e-06
64.15734,47.247807,64.15734030380561,47.24780647379268,10.554394134887602,8.300129294980252e-07
106.73876,65.77509,106.73875673298329,65.77509565864511,56.69462956224736,8.925661816761021e-06
65.42354,47.411663,65.42353910301841,47.41166455361938,11.732883733212077,2.4506009737024215e-06
69.12091,48.328438,69.120909570923,48.32843874318395,15.393288078683451,1.1722609443154397e-06
91.79831,65.169464,91.79830988636776,65.16946419681703,43.453004036948485,3.1044926629419933e-07
69.86907,48.72903,69.86907006596297,48.72902988574864,16.241509657608397,1.8021434300408146e-07
73.43703,52.982304,73.43702910012803,52.982305558625676,21.458089759943554,2.458497640134283e-06
80.06997,57.890076,80.0699711143666,57.89007406985832,29.656269860578583,3.044508275706903e-06
97.687965,69.285385,97.68796130813064,69.28539139451229,50.611555093729635,1.0086381649898613e-05
97.993706,69.18086,97.99370346907247,69.18086438369986,50.82407218169205,6.9146273915521306e-06
98.5002,68.99097,98.50019906071486,68.99097162689135,51.16776404988606,2.5661764908591067e-06
77.31186,57.396797,77.31186030754967,57.39679646730778,27.02103658446466,8.402418885111729e-07
100.200325,68.248,100.20032045907155,68.24800786512738,52.26863119505623,1.2406055830638252e-05
84.696144,57.37667,84.69614388781375,57.37667019431251,33.40595236971188,3.0649876947563826e-07
63.052322,47.083813,63.052321708228625,47.08381350536339,9.515423281325418,7.9713475997778e-07
108.931305,67.159836,108.9313096863977,67.15982788291223,59.285802182550334,1.2803485475387788e-05
91.39873,63.465813,91.39873385078823,63.46580633023183,42.25513270873486,1.052055640116123e-05
70.67719,49.314163,70.67719113156693,49.314161040066445,17.23392855840611,3.091500488494603e-06
78.95845,57.836323,78.95844988938691,57.83632319158768,28.666788563202168,3.02200767521299e-07
77.1564,57.323967,77.15640101292637,57.32396524555817,26.849989268267876,2.767368194156461e-06
72.75485,51.84118,72.75485381058601,51.84117339986422,20.296742855719973,1.0410721792197819e-05
93.89674,69.2225,93.89673893798681,69.22250183946278,47.29681456246376,2.901475966154976e-06
75.85218,56.41043,75.85218055387087,56.410429040666486,25.263733181828293,1.5132043742482892e-06
91.99978,65.92945,91.9997815634333,65.92944729205117,44.00747491170486,4.2713821386541895e-06
100.40941,68.14945,100.40940923658965,68.14945132226693,52.40042920631463,2.0856772664501477e-06
75.82119,56.38108,75.82118845138967,56.3810826822747,25.2222200592528,4.2308850325412095e-06
100.068184,68.309746,100.06818282102248,68.30974804205123,52.18506667569932,3.221028748612298e-06
69.27798,48.40306,69.2779773417251,48.4030646042722,15.566625695427483,7.262547093489502e-06
68.08713,47.9377,68.08712935828947,47.937701111476436,14.302639252431263,1.75318696449267e-06
76.1156,56.644176,76.11560093226115,56.64417438527457,25.608734560283374,2.5469865789773394e-06
70.59317,49.244633,70.59317040765288,49.24463229392373,17.12640011258051,1.1137291480167733e-06
75.14876,55.6428,75.14875933468561,55.64280115235958,24.270738740203296,1.8176739686737164e-06
72.93849,52.139145,72.93849131822104,52.139142716771694,20.604762182342203,3.601449343193508e-06
61.160267,46.642998,61.160267488754386,46.64299715345163,7.65644781939365,1.3353027554785513e-06
89.36041,58.525215,89.36040892262972,58.52521686606212,38.01959834756866,2.943432399149515e-06
77.92816,57.625885,77.92815989119097,57.62588518846298,27.669312092667294,2.972720167804255e-07
70.95355,49.558777,70.95355096923392,49.5587753212358,17.595570304196322,2.647998108784577e-06
95.34987,69.679596,95.34986884452351,69.67959800134615,48.783810213699205,3.156822629080125e-06
60.296303,46.328224,60.29630214036402,46.32822548893482,6.750845972143823,2.3485708027237706e-06
68.79142,48.186165,68.79141944203693,48.186165966421456,15.036804848769417,1.5243845297163716e-06
73.007,52.252502,73.007003616178,52.252495736589175,20.720772052560502,9.879588816374962e-06
61.384605,46.710957,61.38460472830475,46.710957470590486,7.884709751614974,7.422857351002676e-07
74.54482,54.811005,74.54481991213893,54.81100515218001,23.33181405549699,2.4004107501696126e-07
67.30939,47.732227,67.30938914866988,47.732228474548634,13.526360055246048,2.325878746489707e-06
81.10942,57.833633,81.10941965784534,57.8336335926299,30.52823873516505,9.347845661977772e-07
98.16553,69.11862,98.16552678933454,69.11862556104178,50.94175619672304,8.771707243226956e-06
99.237015,68.685005,99.23701396816344,68.68500678719532,51.65288235699944,2.819031877265843e-06
93.97147,69.27005,93.97147152634915,69.27004735628286,47.3853076390865,4.170066290498653e-06
94.69014,69.57712,94.69013874481541,69.57712217404585,48.16122916015069,3.4292304462724132e-06
102.01866,67.37517,102.01866058936858,67.37516897918256,53.406941284260036,1.6101860182970995e-06
73.18266,52.54751,73.182662256237,52.547506092078635,21.020401995785363,6.164158364185823e-06
103.25039,66.80068,103.25038822018689,66.80068308273009,54.1864062808539,4.862543192984958e-06
82.157135,57.71457,82.1571369319381,57.71456665378141,31.37605533728585,5.278156692156699e-06
80.22011,57.88717,80.22011037354365,57.88716935300271,29.784841951356526,1.020540928209357e-06
75.50197,56.05521,75.50196722858988,56.05521480022838,24.782832487776695,7.571638498404809e-06
91.57112,64.21529,91.57112224053003,64.2152861192839,42.77916506217969,6.121246130419422e-06
68.68808,48.145233,68.6880790259179,48.14523468716152,14.92684377587876,2.6612436201389755e-06
93.74347,69.11367,93.74346922957929,69.11367133440928,47.10966385714727,2.1048299885251254e-06
63.62567,47.173904,63.62567082714893,47.17390256733446,10.057002813106884,2.259814472438393e-06
100.09355,68.29793,100.0935490611279,68.29793162617591,52.201126286917734,2.5650480068861725e-06
70.36545,49.066875,70.36544830688861,49.06687793255816,16.840309826566866,4.625669539848332e-06
100.467865,68.12173,100.46786454444262,68.12173078904942,52.43719274644171,1.2446068069493776e-06
90.90519,61.54245,90.90519168438902,61.542447082549444,40.866033701278155,4.6018395778446575e-06
107.55025,65.87565,107.55025097933236,65.87564830374477,57.44768066770557,2.6755875808248675e-06
62.307518,46.94211,62.307517766737526,46.94211040402291,8.799552478528856,6.372853889047292e-07
97.98268,69.18478,97.98268357214579,69.18477381285527,50.816483381381666,9.759290520605646e-06
87.928406,57.596226,87.92840580719405,57.59622633395006,36.3149520470697,5.267559970434377e-07
100.68833,68.01663,100.68833013039915,68.0166297741418,52.57557113216308,3.5625735961275495e-07
106.43484,65.7918,106.43483866245579,65.79180231669704,56.43978204290317,3.6542412544804392e-06
92.24896,66.72568,92.24896145985755,66.72567747144979,44.62138585491689,3.988407769384139e-06
85.6312,57.30931,85.63119866182427,57.309312317790905,34.182054868103094,3.655966636983976e-06
80.17133,57.888336,80.17132995982598,57.8883360695835,29.743180220160472,1.097575150765806e-07
83.765945,57.48936,83.76594431543171,57.48936118570833,32.656721139308246,1.870276626902978e-06
76.35103,56.83035,76.35103168167356,56.83034708725276,25.905709900538135,4.594420808246014e-06
92.03361,66.04701,92.03360631397607,66.04701638438769,44.095552511008506,1.0070411619267361e-05
70.16311,48.92134,70.16311003915929,48.92133993217406,16.592310758112912,1.0698523311702957e-07
59.84809,46.126892,59.848089363673694,46.12689310215069,6.2620161043353795,1.7384769961381608e-06
100.11781,68.28661,100.117806956192,68.28661527203586,52.21647607357541,8.315843871287143e-06
91.96269,65.7971,91.96269019271432,65.79709966620862,43.90917907486585,5.265057012593388e-07
80.11169,57.889473,80.11169018407394,57.88947268117424,29.692098950525924,5.028997023259762e-07
81.57115,57.786705,81.57115027074038,57.78670453106341,30.90464477312012,7.396769632350697e-07
65.22337,47.385292,65.22337137632005,47.38528961614115,11.546345891643256,3.7601788918095735e-06
75.76039,56.322357,75.76039116175431,56.32235498778031,25.14020422436642,3.173974000958424e-06
89.13948,58.312866,89.139480302711,58.31286547568862,37.72209288980284,8.270223688100486e-07
64.263336,47.261814,64.26333672842418,47.26181273833094,10.653192882893922,1.990093245751723e-06
94.64974,69.56601,94.64974311604472,69.56600460284635,48.12068672884029,8.51319838091058e-06
103.55275,66.66757,103.55274999510269,66.66757000848243,54.38170284782251,1.337974708803813e-08
108.47615,66.454254,108.47614994940321,66.45425408763631,58.538835571053234,1.382331049626373e-07
83.710495,57.49691,83.71049541897865,57.496909274306894,32.612475014481525,1.144671763597671e-06
90.38276,60.105675,90.3827606813129,60.10567381993017,39.69520901400385,1.861382727952332e-06
85.36,57.322266,85.35999911705187,57.32226752931269,33.953666709235456,2.4122608195398243e-06
78.65645,57.79356,78.6564496534069,57.79356060031754,28.383867337419026,9.469106529991222e-07
73.12688,52.453217,73.12688003291383,52.4532169429915,20.924948624164546,8.99223309147601e-08
88.90617,58.12194,88.90617054378555,58.121939058134764,37.42457752584905,1.4856507846161549e-06
107.78821,65.96113,107.78820973517006,65.96113045869944,57.69650009402653,7.235293963958611e-07
70.61375,49.261456,70.61374820678051,49.26145910595065,17.152634413368816,4.899170129135655e-06
85.36729,57.32184,85.36729021282332,57.32183963137878,33.95976703632531,5.814445458440787e-07
82.881134,57.614174,82.88113454210038,57.61417306105358,31.95285907569245,1.4810468016435152e-06
83.610146,57.51072,83.6101469280678,57.51071839253765,32.532475201883464,2.535530157388166e-06
91.25486,62.856224,91.25486139293702,62.85622158735966,41.82574334931023,3.8055773572409635e-06
81.608475,57.78248,81.60847611111421,57.78247807549162,30.934856681861547,3.03562259773571e-06
74.33641,54.489967,74.33640796240242,54.4899705292264,22.990806783211927,5.566823979563651e-06
88.2097,57.71022,88.20970026760287,57.71021953649773,36.61555681680831,7.311051390956891e-07
81.15067,57.829887,81.15067127055198,57.82988479933702,30.562089294347494,3.471214952810442e-06
90.97745,61.79033,90.97744555332253,61.790337701879714,41.05255261260894,1.2148557196667298e-05
102.17592,67.29987,102.17591380462619,67.29988073071395,53.50548250721337,1.692608776693305e-05
80.363945,57.88253,80.36394369403878,57.88253226199367,29.907086751183726,3.5679548844314013e-06
69.68271,48.618015,69.68270859053935,48.61801744126013,16.024609664758387,3.85072078046278e-06
107.842575,65.98546,107.84257459038355,65.9854607094773,57.75574656799077,1.1190937385663347e-06
66.71343,47.610474,66.71343032480566,47.610473437419486,12.949366964646902,8.873861716551801e-07
91.69191,64.732086,91.69191292932456,64.73208092625549,43.14217008779768,8.003069069673074e-06
61.65624,46.786625,61.65623955974973,46.786625762536666,8.157786595377194,1.2027869331632246e-06
64.09157,47.239017,64.09156920694625,47.23901837361089,10.493040632141318,2.166664650360417e-06
88.44267,57.82528,88.44267217212402,57.82527623776676,36.87484476308361,5.934357254488987e-06
93.24431,68.63218,93.2443075528208,68.63218423864333,46.436633695679205,6.685822526719676e-06
77.11195,57.301918,77.11195053089497,57.30191708046192,26.800469937590965,1.450433060767864e-06
72.91082,52.093674,72.91081954910005,52.09367478098248,20.558063771487095,1.2318824289536678e-06
86.75098,57.338955,86.75098058171004,57.33895399244755,35.16663554712918,1.589262488721488e-06
93.4509,68.85784,93.45089742863479,68.85784445374004,46.72837584032154,7.025105261959652e-06
66.28649,47.537056,66.28649070443572,47.53705477988021,12.542917007944542,1.9245555122893165e-06
60.21954,46.29573,60.21953926794728,46.29573126795389,6.668120259235101,2.0000066101033553e-06
62.643364,47.010105,62.64336337073162,47.01010608992599,9.124401197800125,1.719194365534804e-06
82.99758,57.597523,82.99757943541397,57.597523977892756,32.04537880417987,1.5424787846995969e-06
75.99763,56.542915,75.99762954503342,56.5429157880261,25.45593905696203,1.2429926812274061e-06
83.52044,57.523205,83.52044020117101,57.52320465156119,32.461030000713976,5.496098296475793e-07
92.27011,66.78596,92.27010744499196,66.78596442540857,44.669842272540414,6.980416600299577e-06
76.150826,56.67336,76.15082634416422,56.67335940388946,25.6538331675378,9.402747664921662e-07
107.30673,65.81839,107.30672775018076,65.81839389680549,57.20815612728055,6.1466247416319675e-06
75.169586,55.66866,75.16958667022949,55.668658839127204,24.301704579601733,1.8311022955685985e-06
91.07968,62.16285,91.07967954334558,62.16285079094953,41.32734626137635,1.2476039472630873e-06
75.96593,56.514763,75.96592761490342,56.51476713111297,25.414410055692002,6.516209545281981e-06
72.62758,51.64039,72.62757924296149,51.64039131123058,20.086128854667027,2.0682690902162904e-06
86.219795,57.305668,86.21979552995688,57.30566708208677,34.68997223116662,1.4478701046982678e-06
107.32276,65.82134,107.32275959708728,65.82134069786608,57.22351351708276,1.1007787890093823e-06
72.99829,52.238014,72.99828820788619,52.23801710403554,20.705984975163616,4.8961493490651264e-06
68.707596,48.152836,68.70759544309608,48.15283696458694,14.9475466291583,1.521490851530416e-06
94.65467,69.5674,94.65467272763271,69.5673952755964,48.12565123467678,7.452036328459144e-06
91.86037,65.41393,91.86036405077708,65.4139403043676,43.62898248814808,1.6253590530368456e-05
63.201546,47.10858,63.20154502636496,47.108581686387204,9.657038581295255,2.660022239808768e-06
78.75449,57.80899,78.75448882353167,57.80899203770516,28.476487484851354,3.2141734891411033e-06
93.60872,69.004265,93.6087212759908,69.00426278991671,46.93826444691876,3.4860740925068967e-06
90.41127,60.169785,90.41127479460889,60.169776695484735,39.75195437877076,1.309912414626524e-05
104.131004,66.426575,104.13099980359972,66.42658226838644,54.76198823685125,1.1464786723536236e-05
97.88172,69.22011,97.8817191780284,69.22011142369811,50.746714418313076,2.245669705303044e-06
102.61474,67.092155,102.61473900212908,67.092156728365,53.78165446353903,2.7262359054702756e-06
107.555756,65.87727,107.55575492185483,65.87727186740425,57.45325900421659,2.9455494257035753e-06
92.46695,67.2969,92.46695267893858,67.2968953599372,45.095780550475965,7.319001383621071e-06
72.67619,51.716484,72.67619126946228,51.71648180122444,20.166273329894853,3.468237835591026e-06
67.452995,47.76572,67.45299578645984,47.76571863781012,13.667472153574671,2.148649720368212e-06
84.50014,57.397614,84.50014127964776,57.39761178358264,33.24667987160126,3.4960651191795478e-06
108.72133,66.77463,108.7213305100473,66.7746291165712,58.91135560639178,1.3934760971778815e-06
63.114395,47.094242,63.11439477160431,47.094242395593376,9.574394586610076,6.239890666392967e-07
99.2739,68.66893,99.27389521195616,68.66893829314424,51.67678821930747,1.308118807230585e-05
84.140175,57.440384,84.14017422158429,57.440385348257024,32.95632593460156,2.126672733027135e-06
103.43147,66.72045,103.43146689728019,66.72045537407425,54.30311123656896,8.476794064904425e-06
59.657204,46.032295,59.657203487291106,46.03229588803882,6.049405472721634,1.4007477133759494e-06
93.756195,69.12332,93.75619612930657,69.12331804398151,47.12550902946811,3.085325062102129e-06
109.13145,67.68934,109.13144816545363,67.68934317753099,59.72388466763099,5.0120773522621676e-06
90.7854,61.1595,90.78539875754203,61.159502152002695,40.570817646539645,3.3944606627756002e-06
101.67897,67.53877,101.67897353578513,67.53876387583382,53.194560967676,9.65995130286501e-06
61.235565,46.66638,61.23556297223668,46.66638351219293,7.733348808467781,5.539956255518064e-06
67.11559,47.689766,67.11559049252142,47.689765146926945,13.337293803586913,1.3455944767315486e-06
77.40126,57.435764,77.4012599020543,57.43576416964711,27.11794276073771,2.675927959217006e-07
72.42838,51.336876,72.42838019649291,51.33687565966394,19.76185967135673,5.368289635043766e-07
75.18578,55.68863,75.18578009592315,55.688629833856055,24.325713990645486,2.620671040176603e-07
81.810165,57.75869,81.81016433252341,57.75869115610464,31.097630402925574,1.82358122202686e-06
91.10602,62.26284,91.10601683848112,62.2628454759173,41.40015233582486,8.637436181402336e-06
90.87813,61.452896,90.87812911846936,61.45289752685753,40.79782208409915,2.4083881626779657e-06
66.993416,47.664486,66.99341520257816,47.66448738117663,13.21884799738886,2.1785984642974654e-06
76.052086,56.59034,76.05208744451049,56.5903374980317,25.52681182981063,3.946478784655483e-06
91.9487,65.74628,91.94870379166068,65.74627343264392,43.871653396954336,1.0359016755501216e-05
89.03765,58.22564,89.03765071841794,58.22563875566228,37.590292534568874,1.962755654005832e-06
95.62015,69.6853,95.6201470891643,69.68530504172084,49.02073162134366,7.95255652974447e-06
105.923256,65.8668,105.9232553708747,65.86680108967818,56.034237151206625,1.7188034746595804e-06
104.69525,66.21385,104.69524530053181,66.21385813972655,55.14427732714881,1.2839194752700678e-05
88.494125,57.853497,88.49412356157441,57.85349949142892,36.93351460084516,3.929854507589425e-06
70.16757,48.924427,70.16756962075843,48.924427656866385,16.597716731204304,1.03610795321174e-06
73.209045,52.592274,73.20904654012935,52.59227133241483,21.065634063982333,4.207714518145167e-06
80.97919,57.844826,80.97918933930544,57.84482714435782,30.421052711488965,1.8050523920010164e-06
77.03718,57.26356,77.03717861374358,57.26356240106918,26.716538216181906,3.787325610460357e-06
65.9922,47.491493,65.99219912992137,47.49149450702203,12.265272840991324,2.3771006567585573e-06
104.72093,66.20482,104.72093253228907,66.20481561394189,55.162001869278356,6.918347182249818e-06
59.79893,46.103054,59.798929847928356,46.1030542633961,6.207523293626032,4.1546774554035437e-07
84.04517,57.452446,84.0451686625446,57.452448316543226,32.880080163738796,3.6539986254524592e-06
73.509964,53.107773,73.5099629592281,53.107774802671756,21.583986922637806,2.843443645872412e-06
90.56827,60.549805,90.56827175581842,60.54980195883,40.077930248772276,4.796988413602321e-06
105.81155,65.88971,105.81154805237719,65.88971337338535,55.94895188169204,5.321008160308338e-06
60.876972,46.549515,60.87697309663717,46.549513100566635,7.364365623957742,2.996070534777573e-06
91.07358,62.1399,91.07357575366285,62.1399073548797,41.31058851436193,1.1601216861834018e-05
80.93023,57.848774,80.9302306676458,57.848772843602276,30.380626094539505,1.8240435295524549e-06
99.701614,68.47835,99.70161254003179,68.4783525287419,51.95190958786488,3.988710105318205e-06
65.12425,47.372433,65.1242502333615,47.3724325958056,11.45407593546786,6.375558925242331e-07
96.00299,69.664505,96.00299108776474,69.66450311593415,49.34188338586762,2.9718305967207925e-06
87.71003,57.5241,87.71002932490492,57.52410116930024,36.08976986141889,1.844395320915737e-06
67.07552,47.681355,67.07552122628606,47.68135287600793,13.298386659633472,3.350278134917062e-06
61.176346,46.64804,61.176345502368456,46.648040861924066,7.672893643596316,1.3595556112022678e-06
83.739655,57.49293,83.73965370583446,57.49293224156293,32.63573832377215,3.535728474446387e-06
91.01076,61.90893,91.01075650753846,61.90893604912745,41.14069987815431,9.54158899446611e-06
95.77666,69.68062,95.77666092913441,69.68061839069026,49.15393329617418,2.538444149990937e-06
92.294785,66.85496,92.2947887941618,66.85495342831182,44.72571142697729,1.0365849988147602e-05
89.40667,58.574062,89.40667007872548,58.57406186364334,38.084084173690066,2.1508213876586524e-07
75.35142,55.886196,75.3514185235115,55.8861985573559,24.567945396824115,4.033844405171294e-06
90.22649,59.778687,90.22648925818015,59.77868828487105,39.3963813210225,2.0266909004362788e-06
80.50059,57.87655,80.50058985771335,57.87655024644798,30.02243482720759,3.8873462671062953e-07
91.21184,62.680096,91.21183621869883,62.68010254941289,41.70042299833698,1.0330714047768197e-05
69.97291,48.79446,69.97290871645133,48.79446222317393,16.364152733296166,3.506722599411205e-06
82.67561,57.64338,82.67560978116835,57.643380379027974,31.789473010108832,5.978596320233009e-07
77.95511,57.633926,77.95511028476838,57.63392550676616,27.69667198037537,7.78002217316498e-07
95.68245,69.684105,95.68245035399835,69.68410438685623,49.074087519204326,9.671421139501035e-07
77.285355,57.384842,77.285355789741,57.38484063212695,26.992105079767725,2.157614055420254e-06
66.74251,47.615845,66.7425089612547,47.615846799161595,12.977236488060537,2.837906890817976e-06
101.096756,67.82022,101.09675692986585,67.82021838942337,52.83107360056148,2.540442480380989e-06
60.113205,46.24939,60.113205173735665,46.249389699080666,6.552861441765237,4.7465499619647744e-07
91.64017,64.51271,91.64017221466665,64.51270616408067,42.987674010937766,6.0505859806880835e-06
69.22031,48.375122,69.2203076903956,48.37512600035653,15.502713008199201,6.3099609306505045e-06
91.748474,64.967224,91.74847783024825,64.96721736580821,43.308724865896245,1.046444003804936e-05
88.14487,57.681667,88.14487020789375,57.681666639917076,36.54513588624927,5.679766701405242e-07
90.63152,60.716778,90.63152192101798,60.716774672695614,40.21619280218823,5.248322366924185e-06
86.95507,57.36321,86.95507054597817,57.36320905433706,35.355510210072524,1.491641107520536e-06
84.41672,57.407063,84.41671933848522,57.407064145778435,33.17916050884691,1.807293209310501e-06
96.45621,69.603004,96.45621163809977,69.60300116272488,49.70363305158858,4.475374893786466e-06
93.566376,68.967,93.56637540133843,68.96700103691339,46.88296097246502,1.6355749608010228e-06
77.953735,57.63352,77.95373553310566,57.633519076632886,27.69527819528647,1.4564727734978078e-06
62.79821,47.039093,62.79820890981624,47.03909488825572,9.27299579219107,2.9784394754983623e-06
76.28804,56.78256,76.28804123582744,56.78255785948175,25.827263965027136,3.3763456883662e-06
65.886795,47.475983,65.88679421614142,47.47598435768438,12.166234414753166,2.141542964295695e-06
72.85427,52.00136,72.85426998686184,52.001360022755996,20.462933059313812,3.589416053273453e-08
91.0427,62.025208,91.04270129173152,62.02520576265294,41.22649968952287,3.529078583142109e-06
108.36714,66.34303,108.36713918352353,66.34303141418027,58.38881816154242,2.2306567473151517e-06
91.52864,64.03064,91.52863653508669,64.03064600141245,42.65005136853866,9.466325749940552e-06
66.40358,47.55624,66.40357878082199,47.55624211168057,12.653911942282921,3.330858582728524e-06
96.25853,69.63428,96.25852981209722,69.63428032545752,49.54807509027819,5.133602911655544e-07
70.447,49.12878,70.44699862225357,49.128782386329405,16.941886692181306,3.7640758350221404e-06
75.64543,56.207054,75.64543010747391,56.20705381384952,24.982994463966484,2.9362438880298214e-07
108.59761,66.59918,108.59760888380688,66.59918193330532,58.71648598599347,3.049498431551001e-06
96.7626,69.542336,96.76259830317412,69.54233893899186,49.93864067224813,4.63581774567956e-06
87.48485,57.46286,87.48485114908053,57.46285800973196,35.86413823285974,3.139348571323808e-06
91.92407,65.65557,91.92407458355365,65.65556206104357,43.80496822255348,1.2522510075996252e-05
91.267975,62.910576,91.26797793732086,62.91057091240549,41.86427725334172,8.024915366888763e-06
94.64448,69.56451,94.64448033013795,69.56450942818365,48.11538143458761,9.019542943633496e-07
77.05267,57.271645,77.05267185593215,57.27164178542775,26.733995450037625,5.070504393245301e-06
90.7422,61.029804,90.74220392703853,61.029797198162306,40.468557391954434,1.0728876226551165e-05
91.84317,65.34709,91.843173545897,65.34708385831954,43.58066687448645,9.687577460226748e-06
103.16905,66.83717,103.16904468627617,66.83717920364968,54.13420874036744,1.4517373514877363e-05
82.528534,57.66403,82.5285356333788,57.66402717090184,31.67242641463221,4.462476958622119e-06
90.1554,59.64258,90.15540262548149,59.64257545252771,39.266762113960745,7.172953779388536e-06
62.003117,46.873657,62.00311588218517,46.8736589361142,8.501706935694644,3.0539290278852604e-06
73.24899,52.66022,73.24898861544341,52.660222398125,21.13420043037318,3.7826815955099846e-06
62.124397,46.901768,62.12439770964346,46.90176677086012,8.620794013812288,1.9387833347650485e-06
60.7592,46.507973,60.759199769290746,46.50797339960059,7.241601069280234,6.303098416537978e-07
94.8665,69.61853,94.86650126322448,69.61852781202865,48.3346664250783,3.4511958375560425e-06
69.8923,48.74344,69.89229998941397,48.74344001833557,16.26883242732994,2.8921604666720668e-08
94.341606,69.458984,94.34160549239786,69.45898487919368,47.80032182807338,1.3867958159607952e-06
68.44489,48.055275,68.444890751479,48.05527369839879,14.671256037292707,2.053080201847024e-06
92.46763,67.2985,92.46762882013346,67.29850204359103,45.097169447256555,3.2234575684242373e-06
90.489876,60.354137,90.48987646186686,60.35413620002225,39.91220511480421,1.2618446092460545e-06
92.59261,67.57953,92.59261337430476,67.57952415552633,45.34592021676524,9.218778444619602e-06
91.9769,65.848236,91.97690241719984,65.8482318132825,43.947053278288884,6.6039173418630526e-06
71.54891,50.17617,71.54891208320976,50.176166391770934,18.419863576629915,5.691438815347283e-06
75.39253,55.93335,75.39253138915677,55.933347593907264,24.627124691592194,3.79524951199528e-06
87.49829,57.466167,87.4982901003427,57.466166826201174,35.8774311161083,2.741415272566883e-07
71.9706,50.694912,71.97059766945756,50.694916036622324,19.04442871652655,6.367164765208599e-06
97.923706,69.20552,97.92370432440981,69.20552290221048,50.77578037680316,4.577800652327824e-06
61.87644,46.843052,61.876440192697075,46.843051666238516,8.37669891821831,5.264585567488211e-07
69.403595,48.466164,69.40359538395896,48.46616333496284,15.706963480377798,1.04899611841347e-06
81.06829,57.837276,81.06829022589113,57.83727560874466,30.494440599101555,6.171464690396533e-07
70.98824,49.591274,70.98824108579781,49.59127211934099,17.64186122035226,2.9664568117482304e-06
73.81903,53.6377,73.81903008603716,53.637699850979104,22.1166092862794,2.3505806012735775e-07
69.648605,48.59856,69.64860451733006,48.598560836009774,15.985346368265963,1.3186797218622814e-06
73.7171,53.463707,73.71710110284971,53.463705089806204,21.94133886398049,3.0130435035857772e-06
90.81778,61.259613,90.81778012221169,61.25961278832291,40.64891601580341,3.3388877795914595e-07
91.68062,64.68451,91.68061898068974,64.68451176549908,43.10860467778694,2.7848093395732576e-06
86.332214,57.30947,86.33221283209798,57.309472022867844,34.78923096603381,3.1907698598843126e-06
92.65396,67.70644,92.65395826162487,67.70644301095734,45.46250583785622,4.74933247573972e-06
107.41029,65.83939,107.41028689098678,65.83939538497472,57.3083417339668,8.493987948554604e-06
92.45552,67.26959,92.45552191466658,67.26958668369662,45.072226888584176,5.230969946978803e-06
71.78009,50.45189,71.78008908758447,50.45189158035178,18.757931271278668,2.492767308126531e-06
87.00354,57.370033,87.00354055592209,57.37003203711364,35.40089797005162,1.5188084461215112e-06
60.457184,46.393784,60.457182795219005,46.393786086744164,6.922953016309413,3.291525160875608e-06
75.3225,55.852585,75.32249996110048,55.85258506737602,24.526094449066722,1.0627555013797974e-07
60.64668,46.466747,60.64668002161035,46.466746962569744,7.123542881134704,5.904060174088954e-08
93.506226,68.91156,93.50622642865413,68.91155925754843,46.80314955290145,1.1711056941976494e-06
68.08054,47.935688,68.08054037132511,47.935687356845335,14.29592614428686,1.0144797784050752e-06
70.64191,49.28469,70.6419065712693,49.28469593874224,17.18863868588536,9.367472934229681e-06
91.48657,63.847363,91.48657275312414,63.847358231443906,42.52197924484828,7.521680231548089e-06
102.22362,67.277115,102.22361993860066,67.27711510634688,53.53541443955094,1.6774622224602354e-07
92.74861,67.88919,92.74860918897247,67.88919140474245,45.635850089913205,2.2157699817171306e-06
72.59971,51.597115,72.59971022106058,51.59711461711143,20.04035523778548,6.039491466935942e-07
104.50883,66.281265,104.50883235051326,66.28126092878719,55.0165402997592,6.4217260700161205e-06
82.30322,57.69502,82.30322069527763,57.695018795742484,31.492793700903178,1.899535149618714e-06
100.97779,67.877594,100.97778651981997,67.8776000278552,52.756732970800236,9.508035219596422e-06
91.70195,64.774185,91.70194861535592,64.77418739827651,43.17191446799926,3.7829205865591575e-06
105.71134,65.91201,105.71134090262879,65.91200843659936,55.873317443184426,2.466029414449622e-06
93.10398,68.45364,93.10397832334235,68.45364290405942,46.22583439066476,4.580717089197606e-06
75.091415,55.570618,75.09141804659632,55.570612723134644,24.184985529409598,8.323461678116928e-06
75.30684,55.83423,75.30684081640727,55.834228585939556,24.503354995053968,2.2304677216311575e-06
109.13041,67.68598,109.13040992675744,67.68598012685999,59.72130400234007,2.0010254786484438e-07
85.9569,57.30271,85.95689900962975,57.30271171537349,34.46081942175007,2.705743746389544e-06
102.94177,66.94049,102.9417646879549,66.94049920074204,53.98903839063776,1.4512787146259143e-05
76.47626,56.921112,76.47625822526842,56.921115073928604,26.059543254301317,4.848660175582609e-06
66.10071,47.50788,66.10070818219248,47.50788314853845,12.36743877648288,4.966345976242792e-06
97.48706,69.349304,97.48706082295801,69.34930257459335,50.46952568637499,2.2483646660020895e-06
84.73065,57.37318,84.73064863576109,57.3731823629337,33.43409045187345,3.727172611434071e-06
85.84524,57.303776,85.84523969436377,57.30377652937807,34.36465199835197,8.350143048119207e-07
90.333084,59.997368,90.33308349494325,59.99736887478492,39.598034868623124,1.3798416631516375e-06
60.53498,46.424286,60.5349798088733,46.4242863310415,7.005577334519241,5.221681931288913e-07
74.271736,54.38732,74.2717364057577,54.38731929720632,22.883473982966873,1.108551373363298e-06
65.07225,47.36573,65.07225104229204,47.365728194695265,11.405691104930462,2.8475967752683573e-06
98.125984,69.13316,98.12598533452388,69.13315768853431,50.91477834081499,3.6459895653706553e-06
73.800125,53.60552,73.80012480255347,53.605520341987784,22.084147084721096,5.394343105535881e-07
85.27851,57.32733,85.27850996503912,57.32733006055408,33.88562627776034,9.551495594450898e-08
90.61484,60.6719,90.61483523485535,60.67190825348164,40.17930851287407,1.3018626290772772e-05
72.66233,51.69471,72.66233051332162,51.69470911089991,20.143383223432913,1.4024217165342634e-06
100.50184,68.10559,100.5018409492852,68.10558835578804,52.45854597416395,2.5934971574770316e-06
69.153114,48.34336,69.15311172801937,48.343363935190176,15.428638562288842,6.207170812899676e-06
81.35635,57.809837,81.35635003464802,57.809836939987825,30.73018845618496,9.46601872442443e-08
63.20701,47.10947,63.20701028885399,47.109469499689666,9.662215545028063,7.891643321045194e-07
74.22901,54.31878,74.22900931611179,54.31878118453044,22.812202199514218,1.8684186571249484e-06
62.431854,46.968147,62.431853384025416,46.96814806690044,8.920249131850868,1.682875023334418e-06
74.829315,55.22218,74.82931393292259,55.22218184823431,23.78378135172333,2.9153117111491156e-06
74.090576,54.093124,74.09057365108711,54.09312806844092,22.57948689838981,6.41735380213504e-06
65.12889,47.37303,65.12888890129149,47.37303190302103,11.458392794193186,3.0017295387096965e-06
102.88513,66.96653,102.88513117289139,66.96652796849034,53.95300668773462,3.2044010538356815e-06
92.73552,67.864815,92.73551732974937,67.86481962501479,45.61232632425821,7.2952654193159105e-06
59.73239,46.07021,59.73238909631339,46.07021156523284,6.13347596097819,2.468919447551343e-06
91.28689,62.98943,91.2868889480991,62.98943182194779,41.92008509606064,2.873848686135716e-06
106.53476,65.78374,106.53476397764516,65.78373311050898,56.52228532814918,1.0867136168712932e-05
104.83371,66.165855,104.83370798837241,66.16585848424498,55.240189756898886,5.495872571259497e-06
73.09972,52.407494,73.0997186130256,52.40749640231277,20.878565886488943,3.7892871773692605e-06
74.73898,55.095226,74.73898089536331,55.09522444918357,23.64207197747507,2.4461797423214193e-06
100.25046,68.22447,100.2504638868713,68.22446326773407,52.30028440014427,1.0619137228218278e-05
93.471634,68.878296,93.4716367202702,68.87829128834863,46.756560007572034,7.431921574152511e-06
91.42465,63.577984,91.4246501819295,63.57798368488853,42.33366554743096,4.970409648308305e-07
108.54666,66.53543,108.54666163855472,66.5354271619369,58.64048700571776,4.476617831983276e-06
98.45443,69.008896,98.45442873554299,69.00889819010617,51.137089049009354,3.454563184845938e-06
106.14746,65.8275,106.14745936909068,65.82750109276819,56.20875357987514,1.7236774993989457e-06
88.2454,57.726562,88.24540001867823,57.72656196764832,36.65464492547015,5.102990030536603e-08
89.54272,58.727425,89.54271768078122,58.72742901700916,38.27858839926601,6.336227940550998e-06
94.18139,69.386116,94.18139032069287,69.38611544454305,47.625136693948306,8.761498264675538e-07
69.857796,48.722084,69.85779643483708,48.722083246839254,16.228273087384903,1.187997838769661e-06
93.48164,68.888016,93.48163902853041,68.88801768263653,46.77008545614908,2.6541061259877097e-06
102.95475,66.93455,102.95475292445963,66.93454493468182,53.99730940587514,7.989777799366493e-06
108.14934,66.1637,108.14933981012574,66.16370032887221,58.110532850520684,5.187464608980008e-07
60.91282,46.561836,60.912819361272696,46.56183710630935,7.401571406059421,1.7450366556204244e-06
72.97995,52.20761,72.97995074885633,52.20760870294139,20.674900077365304,2.0459149325802173e-06
69.18533,48.35849,69.18533103338913,48.35848821011555,15.464103438116801,2.8232735900246553e-06
82.45297,57.67452,82.45297057243889,57.674519008505676,31.61223104887977,1.5639332175965137e-06
75.40475,55.94721,75.40474793678283,55.94721357360088,24.6446375192424,5.636818059429061e-06
94.70668,69.5815,94.70668325737189,69.58149435806025,48.17774322244424,8.899311637833307e-06
66.38989,47.553963,66.38988915874944,47.55396445709029,12.640917552202957,2.2983408385357507e-06
85.68559,57.307487,85.68558790874397,57.30749062216566,34.228246503408315,5.713421693087639e-06
91.82716,65.28422,91.82716423922089,65.28421265744603,43.535366829712174,1.158177485649503e-05
89.7041,58.929947,89.70410047845434,58.929946171291874,38.51960853419059,1.3071624636040724e-06
67.60827,47.80403,67.60826985344725,47.8040302538371,13.821099269151262,4.003898510518411e-07
95.1492,69.66282,95.14920134005173,69.66281767895977,48.60163685538477,3.661091966478125e-06
71.771065,50.44073,71.77106307885244,50.440733327528804,18.744535394443595,5.248676359315141e-06
89.18031,58.34965,89.18031154795065,58.349647318867895,37.77584470163441,4.229082747997381e-06
70.97144,49.575485,70.97144111049286,49.575483076567856,17.619417496060088,3.0339250045585686e-06
91.24528,62.8167,91.24527851014828,62.81670258050167,41.79768483984955,4.070353384122427e-06
71.59446,50.228844,71.59445996256217,50.228844064844296,18.485648022981174,1.0228212232732403e-07
89.76611,59.014305,89.76611172731323,59.01430200820247,38.615489749613296,4.71911076260767e-06
60.1482,46.264812,60.14819941138016,46.264813019520574,6.590879002727287,1.6081404154988377e-06
90.41255,60.17267,90.4125481858639,60.17267314217932,39.754505390409605,4.9563154220777506e-06
72.2048,51.013283,72.20480018053658,51.01328268730113,19.406437291158262,4.932354471520739e-07
103.00715,66.91058,103.00714738977399,66.91058452104899,54.03070415921779,7.1312749980734225e-06
94.840866,69.613205,94.8408662858173,69.61320450494937,48.309804226001255,7.808679214349468e-07
67.78788,47.85128,67.78787953953501,47.851280797549634,14.000271115019526,1.2580146204754783e-06
68.921295,48.24004,68.92129429118701,48.24004122770145,15.176217406721985,1.9365144368066467e-06
65.37079,47.40465,65.37078930363428,47.40465120614212,11.683694383571517,1.9025078401568862e-06
79.12666,57.85429,79.12666028926918,57.85428949897053,28.821446228755057,7.902986496333142e-07
70.87838,49.489754,70.87838001077031,49.48975398134527,17.49595968507725,2.9425038405861415e-08
62.683712,47.017796,62.683712575093104,47.01779500390843,9.163189097176058,1.5711846685917408e-06
87.21895,57.405693,87.21895134999775,57.40569066173276,35.60527853857358,3.688264982315559e-06
79.231995,57.86356,79.23199595504974,57.863558345803526,28.9173040357514,2.609246216422889e-06
85.43817,57.3179,85.43816944868846,57.317900954900644,34.01918093530021,1.5062121860864863e-06
83.24183,57.5626,83.24183011925467,57.562599793444626,32.23944408103697,3.258100562675281e-07
71.28004,49.8813,71.28003853028653,49.88130254562118,18.03958038344455,4.015334646112478e-06
63.85177,47.206207,63.85177003818358,47.20620693386404,10.268962697093844,1.043195396732699e-07
73.643036,53.33666,73.64303472136734,53.33666221465913,21.813674092958653,3.4932917785113204e-06
74.49638,54.73781,74.49638458887343,54.73780205182941,23.25326630344191,1.2537044014493404e-05
62.014904,46.876442,62.014904336308796,46.87644141749544,8.513307278773846,9.188133489601569e-07
76.85078,57.16078,76.85077698028871,57.16078523029908,26.503721078937097,8.250010367305549e-06
106.00844,65.850784,106.00844266862777,65.85077937779609,56.10000068587669,7.290831689488186e-06
89.04281,58.229904,89.04280825730541,58.22990701843888,37.59689322512672,4.7611334750286005e-06
66.20708,47.524403,66.20707952195502,47.5244038279991,12.46781941704919,1.3060440835488407e-06
73.70315,53.4398,73.70314791083585,53.43980361854239,21.91730431608363,5.7077065349631084e-06
90.344604,60.022118,90.34460579038712,60.02211489895515,39.62038647386989,4.8914319634718595e-06
77.9424,57.63015,77.94239868269345,57.63015228164437,27.683776796035897,3.598950925720601e-06
72.10098,50.869507,72.1009811293454,50.869505043914266,19.244638568037054,3.0854311248162958e-06
88.27256,57.739296,88.27255951302516,57.7392968434661,36.684533176642574,1.3304409378633864e-06
86.03778,57.30278,86.03778145619481,57.30277747779387,34.5308985754843,3.978400940241045e-06
106.53433,65.78376,106.5343282402794,65.78376304792882,56.52192293711579,4.807649418125948e-06
90.515915,60.417786,90.51591605742743,60.41778416847999,39.96658003040332,2.888947435053524e-06
76.8132,57.138786,76.81319996142119,57.138786066820515,26.460178844384462,1.0539931594166774e-07
96.25579,69.63467,96.25579173133771,69.63466700123188,49.54589717986505,4.730105828798514e-06
89.20851,58.375675,89.20850903188085,58.37567667683341,37.81327911403467,2.64495255919428e-06
84.65648,57.380756,84.6564801191353,57.38075579365139,33.37364532705537,3.254839029409595e-07
69.06832,48.30447,69.06832051281327,48.30446911178039,15.335759800082112,1.4010328825975193e-06
88.200775,57.706203,88.20077488619035,57.70620319712433,36.605819039614815,3.109339772322528e-07
68.87168,48.219135,68.87168127406113,48.219132793258964,15.122797053146456,3.480802170940933e-06
70.08375,48.867264,70.08374812922466,48.867267240281464,16.49654498544697,5.111056800899405e-06
102.697266,67.05359,102.69726542588728,67.05359099439347,53.83384161128347,1.5685061924841648e-06
103.79439,66.56447,103.79439193178757,66.56446665404214,54.53941932565254,5.277745430021241e-06
79.02786,57.844223,79.02786121194988,57.84422090083894,28.730849399642167,3.3111109374317493e-06
91.960556,65.78938,91.96055666097268,65.78937885516049,43.90347097930859,1.8058121895592194e-06
67.67479,47.82115,67.67478982767788,47.82115029847098,13.88726728771948,4.707930969516383e-07
108.290955,66.274345,108.29095293513535,66.27434857645439,58.28849752626046,5.641319035021297e-06
77.75396,57.57013,77.75396131736674,57.57012771825138,27.490572948991066,3.5991153595205105e-06
105.92259,65.86693,105.92258917232103,65.8669314335836,56.0337253780772,2.261262579850154e-06
65.65896,47.44366,65.65895975361936,47.44366042674424,11.952761976288986,6.73124873173947e-07
74.81486,55.202095,74.81485847200213,55.20209764657284,23.76122045931458,4.1745707051177305e-06
91.2688,62.913998,91.26880189018769,62.91399472609533,41.86670272309466,5.1640923572904285e-06
74.90337,55.32367,74.90337062374199,55.323668919646,23.89865983897056,1.7040959932046462e-06
65.2675,47.391052,65.2674999551181,47.39105207773782,11.587443600779686,1.226197170467458e-07
74.96747,55.40959,74.96746983046421,55.409590293644946,23.9971320473418,4.631807399846366e-07
81.52294,57.792076,81.52293980029143,57.792076345905784,30.865579174818475,5.45614362579272e-07
72.29049,51.135082,72.29048956761628,51.13508274891141,19.541546478417803,1.1812951399292615e-06
63.81196,47.200623,63.81195898328543,47.20062476100321,10.231694218650183,2.7777177820098586e-06
92.368774,67.053085,92.36877185550685,67.05308871437512,44.88885021699593,5.8588682776417045e-06
73.19418,52.56704,73.19418135367532,52.567037655363,21.04014360316779,3.6983123123945916e-06
67.026276,47.671177,67.0262753416178,47.67117814035265,13.250651097181636,1.7987348428505356e-06
72.813805,51.935818,72.81380301983631,51.93582142974786,20.395118358606624,5.409911551623736e-06
91.527756,64.02682,91.52775733269473,64.02681769170248,42.64737580343578,3.6409922614666357e-06
91.381546,63.39167,91.38154165541343,63.39167752505287,42.20317945447135,1.1869639443773394e-05
75.74131,56.303604,75.74130982852103,56.30360429701061,25.114303962827726,4.6848958135115026e-07
66.84778,47.635742,66.84777844970307,47.635744685195974,13.078351499042453,4.235492902182614e-06
75.32935,55.860588,75.32935249183043,55.86058368401838,24.53602822142642,6.807812049203221e-06
90.15506,59.641937,90.15505992360684,59.64193713231699,39.26614616550622,2.0871015493639788e-07
78.43132,57.752106,78.43131920060189,57.752107384599654,28.168172002046813,2.1839977648596687e-06
67.4036,47.753998,67.4036013310554,47.753995694541906,13.618833821882895,3.636513497440319e-06
79.44348,57.87784,79.44348249078715,57.87783568582539,29.10759546238357,6.8049617638621385e-06
72.78293,51.886124,72.78292896901921,51.886125785713055,20.34353283730308,2.8166938363938243e-06
63.497665,47.1549,63.497665065574914,47.15489988642079,9.936645208834307,1.7915412087177174e-07
78.452,57.75628,78.45200090234826,57.75627843708525,28.188168410574217,2.4652630088439764e-06
74.60514,54.90091,74.60513906509843,54.90091161929882,23.42900518531866,2.5542003925238532e-06
70.95133,49.55671,70.95133047610852,49.55670917535494,17.592614228121196,1.3007535883957644e-06
63.405975,47.14093,63.40597536169901,47.140929373518254,9.850254323618623,9.881807514489083e-07
62.25726,46.931282,62.25726077253859,46.931280661922465,8.750613766344003,2.110616122763531e-06
103.14009,66.850235,103.14009054596599,66.85023405435813,54.115661132487865,1.4916078612259298e-06
93.87184,69.20588,93.87183920205645,69.20588138208028,47.26694053082761,2.1800238414471096e-06
71.068146,49.667698,71.06814523566318,49.66769932387165,17.749273833874373,2.0882084683648827e-06
91.745514,64.955055,91.7455172325777,64.9550494010051,43.30007693498057,8.831572600342952e-06
92.397835,67.12747,92.39783400134512,67.12747172972288,44.95121025768666,2.728377765492951e-06
79.49245,57.880356,79.49245055852768,57.88035503260065,29.151262736944815,1.5259270256251511e-06
67.439514,47.762497,67.43951384133729,47.76249727481219,13.654185763240514,4.3347490219503015e-07
89.4984,58.67582,89.49840035174844,58.6758193907532,38.21440366401458,9.609952442701797e-07
65.85608,47.471535,65.85607983447535,47.47153528669742,12.1374104390405,4.52222067792718e-07
88.19357,57.702984,88.1935713162556,57.70298172017595,36.59796982619564,3.596079658052531e-06
100.70323,68.0095,100.70323104007448,68.00949819853619,52.58490991711613,2.8415382899993347e-06
75.34665,55.880684,75.34665088982946,55.880682458768476,24.561058456776458,2.4310609916256e-06
92.35115,67.007034,92.35114585780576,67.00704117449871,44.85056189995752,1.131669294807125e-05
74.65145,54.968967,74.65145002753407,54.96896695230953,23.503139304862653,7.52245412627417e-08
107.554955,65.87704,107.55495749707477,65.87703567493492,57.45245031777306,6.822139837936447e-06
82.36133,57.687115,82.3613304215512,57.68711426985111,31.53916595407753,1.1517000970684421e-06
64.15521,47.24752,64.15520835698365,47.2475228457909,10.552406000391825,4.488807242353232e-06
99.85594,68.40788,99.85593257258489,68.40789286467437,52.05032488961436,2.029208947362804e-05
86.2427,57.306313,86.24270007828932,57.3063128643988,34.71013104818684,2.1389052307085876e-07
71.23525,49.83481,71.23525238439103,49.83480587010905,17.97754611404961,6.514281984948411e-06
62.012077,46.875774,62.012076454698615,46.87577494449072,8.510525024562874,1.4897921047918317e-06
88.08503,57.65656,88.0850300898113,57.65655984444209,36.480759422223954,2.4536920051332345e-07
90.30103,59.9297,90.30103245570199,59.92969574659475,39.53644131044374,6.709107232438782e-06
97.50038,69.34519,97.50037939175132,69.34519105351879,50.47900414958291,1.661767470295672e-06
78.20935,57.702457,78.20934957890925,57.70245772935137,27.951115811049824,1.1504421166819156e-06
89.69249,58.914574,89.69249063649588,58.91457289755563,38.50186748279982,1.738940241580167e-06
77.78333,57.579998,77.78333032398233,57.57999743884555,27.520942118000452,8.851367709894475e-07
102.222565,67.27762,102.22256650043546,67.27761740116671,53.53475328229414,4.099268750223928e-06
103.37663,66.7446,103.37663274113352,66.7445952522123,54.26769338059107,7.4889212129392035e-06
88.05079,57.642715,88.0507891113876,57.64271653912351,36.44418420997491,2.427735914523055e-06
61.323864,46.69306,61.32386273220038,46.69306219589575,7.823157995538187,3.463695364303021e-06
99.09203,68.74754,99.0920255412525,68.74754772278564,51.558589103999616,1.2181533136867984e-05
63.55176,47.163,63.55176057969991,47.16299899592921,9.987542862515937,1.5837706968113707e-06
61.390564,46.712692,61.3905633112968,46.71269319287022,7.890737897693864,1.8815734179611354e-06
91.99266,65.904305,91.99265844189226,65.90430769872471,43.98873631943567,4.256832454530013e-06
85.971016,57.302673,85.97101690242538,57.3026714369517,34.47302573969939,2.4654736705542746e-06
76.34292,56.824272,76.3429191706233,56.824273436524166,25.895647435084474,2.265900867826076e-06
85.57265,57.311577,85.5726515284208,57.311574352694606,34.13248256595381,4.175726203925478e-06
60.723568,46.495083,60.723567888805555,46.49508319259465,7.204297848949591,3.0378909343653504e-07
75.2715,55.7924,75.27150024835825,55.79239956983044,24.451834666050456,6.785278117149574e-07
90.50387,60.388172,90.50386880202437,60.388174074956936,39.941341763685564,3.2729325738500847e-06
71.57442,50.20557,71.57442057049083,50.20556901187983,18.45665587867777,1.5586109967102857e-06
107.392746,65.8355,107.39274360364587,65.83550415061161,57.291203181730225,6.5469657499761524e-06
64.48219,47.29025,64.48219025546105,47.290249557528014,10.856944046675583,6.979330322565147e-07
86.88357,57.353905,86.88356994680835,57.35390509213074,35.28893688061976,1.453223958947092e-07
69.25433,48.391533,69.25433065500792,48.39153186549176,15.540380693757623,1.7895161690262285e-06
108.74148,66.806335,108.74148113878326,66.80633302756739,58.94465851006622,3.1112158751511743e-06
103.59305,66.650154,103.59304630420942,66.65016040130408,54.407895688239776,1.009709465904507e-05
70.04951,48.84444,70.04950808769021,48.844443312221316,16.45548027687151,5.2245311010779005e-06
74.51631,54.76802,74.51630889516979,54.76802191362416,23.28563118208719,3.018454378889146e-06
86.23917,57.30621,86.23917052011574,57.30620909913213,34.70702247771979,1.4209836010081744e-06
88.88016,58.102543,88.88015824811697,58.102546034353736,37.39235370688866,4.786236772247321e-06
72.96931,52.189995,72.9693090000795,52.18999673191498,20.656878071762577,2.7318354653971255e-06
62.359524,46.95313,62.359523904946535,46.953130164637614,8.850101003453869,2.5969107753098797e-07
61.24078,46.66798,61.24077902223662,46.667981693537705,7.738665131525753,2.67130108255742e-06
74.017296,53.9717,74.01729654787098,53.9716990510586,22.455312589169193,1.4968123807079792e-06
84.35088,57.41473,84.35087877086029,57.41473212893475,33.125974877572766,3.3580744656092065e-06
99.65326,68.50026,99.6532610577845,68.50025816786147,51.920988775104455,2.889923024440577e-06
66.53338,47.578316,66.5333798689006,47.57831622707106,12.77736006132243,3.5817046040165224e-07
83.44702,57.53351,83.44702136077842,57.533507643060034,32.40259889400937,3.717718392692859e-06
63.372417,47.135735,63.372416318593785,47.13573618023147,9.81859473731707,1.8616376848967775e-06
66.02347,47.49617,66.02346902289185,47.496171692402825,12.294691960840503,2.6695109838215103e-06
